,mid,sex,level,official,fans,liveCount,video_num,attracitve
0,484322035,2,6,1,1047366,31,380.0,90.98513013884414
1,32906095,2,6,0,84111,7,59.0,16.900323787745858
2,1480838,2,6,0,46510,15,26.0,11.51786081595494
3,508963009,2,6,1,1118283,37,144.0,42.02902305971956
4,1442771,2,6,1,86717,103,120.0,50.85293118851885
5,668479385,2,6,0,98785,41,188.0,51.77960585860247
6,423902976,0,6,1,97263,117,190.0,68.47826126322454
7,692437895,0,6,1,48875,107,65.0,39.579350215890436
8,434662713,0,6,1,119922,54,415.0,102.76388411837381
9,47441,0,6,1,338275,127,344.0,103.63847378242289
10,97340936,0,6,1,74959,69,197.0,59.51392918303264
11,512480,1,6,1,537692,62,252.0,70.17745121885984
12,3032688,2,6,1,110045,81,310.0,86.58490534245635
13,317000,2,6,1,107984,85,116.0,46.12805049039446
14,1869304,2,6,1,147836,69,275.0,76.5704826833651
15,386900246,0,6,1,2032235,3,149.0,35.466221656320585
16,410741448,2,6,0,33938,40,439.0,104.86427588203944
17,1473830,2,6,1,1878235,4,1734.0,373.61632230267037
18,296909317,2,6,1,305570,1,521.0,114.3221200587514
19,434563934,2,6,1,409483,2,915.0,198.50532025077317
20,372984197,0,6,1,249400,52,341.0,86.67844881014643
21,23155481,0,6,1,56251,190,238.0,94.46057444375064
22,434334701,0,6,1,973600,97,459.0,121.78310212891897
23,353361863,2,6,1,346062,72,202.0,61.80091035753952
24,244069,1,6,1,58822,58,92.0,34.89532295324908
25,3821157,2,6,1,184098,113,149.0,59.313606749028665
26,27564630,0,6,1,79880,114,186.0,66.94553039891699
27,434401868,2,6,1,103337,76,290.0,81.23040836642623
28,610390,2,6,1,137381,92,291.0,84.95840751839
29,406805563,0,6,1,322256,35,562.0,130.10114833249662
30,225347042,2,6,1,315136,55,218.0,61.50577469517026
31,441952268,2,6,1,172522,108,316.0,93.78980028657655
32,601481495,2,6,1,44622,63,67.0,30.78360332577963
33,12450452,0,6,1,100623,86,48.0,31.510389556950788
34,11137181,2,6,1,41735,81,118.0,45.54250340302701
35,666726803,2,6,0,53306,5,46.0,13.628454430300401
36,523922454,2,6,1,79964,127,227.0,78.83968910366872
37,491979247,0,6,1,185335,69,92.0,37.285617961876824
38,738406,2,6,0,38971,3,92.0,22.945156531874
39,128912828,2,6,1,72948,81,21.0,24.965822822768043
40,2650919,2,6,1,287921,57,79.0,32.31913665380601
41,623441609,2,6,1,117055,16,141.0,36.49223027750796
42,632960,2,6,1,245410,69,48.0,28.296013519593966
43,1506609,1,6,1,233955,2,24.0,8.46779549429126
44,666726801,0,6,1,297504,43,193.0,53.2280806253376
45,480248442,0,6,1,86082,72,106.0,40.802821397008294
46,558070433,0,6,1,105509,75,197.0,60.867549281983806
47,688053738,2,6,0,44573,79,290.0,81.63143741960228
48,2299184,0,6,1,232512,58,475.0,116.5118612644527
49,487902,0,6,1,104269,39,51.0,21.955764135964962
50,617459493,2,6,1,718474,84,108.0,44.49321760439937
51,257319,0,6,0,21147,8,11.0,6.34484725289674
52,745493,2,6,1,868674,68,97.0,38.70688320169302
53,573930836,2,6,1,75365,62,118.0,41.508744836541936
54,1836495,0,6,1,120498,15,184.0,45.09860765357398
55,846180,2,6,1,128273,97,141.0,54.08304932871208
56,9066351,2,6,1,373208,85,26.0,27.145313568776874
57,1612112,0,6,1,327280,44,313.0,79.0194842742431
58,2128310,0,6,1,59818,110,252.0,80.09185834659661
59,11253297,0,6,1,2604029,38,282.0,71.42765813326315
60,13226045,2,6,0,26039,4,26.0,9.04326995466223
61,489146840,0,6,1,187014,145,148.0,65.70697975266103
62,3035105,0,6,1,529027,113,174.0,64.45799800713456
63,130209,0,6,1,112313,88,230.0,70.72698577920241
64,839059,0,6,0,48689,46,63.0,25.792774470041017
65,32410214,1,6,0,38584,103,274.0,83.23964953722407
66,75937648,2,6,1,244602,35,156.0,43.921515539501314
67,359081808,0,6,1,65839,51,119.0,38.97434011468194
68,313248263,2,6,1,106245,68,33.0,24.757598957055233
69,392505232,0,6,1,101448,82,809.0,192.73662254626814
70,37786223,2,6,1,74087,54,178.0,52.550162298951776
71,741520,2,6,1,247254,6,239.0,55.30914388552405
72,441382432,2,6,1,145009,15,272.0,64.21056721435474
73,433189681,0,6,0,27921,31,30.0,15.424807290300926
74,264161,0,6,1,341166,50,165.0,48.80375879064148
75,504062903,0,5,1,23343,19,52.0,17.47576591727504
76,525105971,0,6,0,97438,38,392.0,94.23853270514951
77,12120515,0,6,1,56130,114,34.0,34.51624928189837
78,1926156228,2,6,1,187397,31,115.0,34.28028868065819
79,474369808,1,6,1,75617,122,183.0,68.20424889709665
80,477317922,0,6,1,120344,29,110.0,32.37441454769403
81,517746113,2,6,0,86148,11,148.0,36.728937125981034
82,17492464,1,6,1,219002,55,126.0,41.684822257317734
83,6483727,2,6,1,216081,43,326.0,81.84879470107208
84,666726799,2,6,1,78578,62,94.0,36.40304890319396
85,472877684,2,6,1,58573,82,258.0,75.63068239689858
86,474593911,0,5,1,36081,12,81.0,22.19952177518679
87,3985676,2,6,1,1180978,34,189.0,50.971259873475454
88,3295,0,6,1,947927,177,547.0,157.88306694888195
89,436693674,2,6,1,78895,1,174.0,40.20665684315393
90,1950658,0,6,1,983158,56,352.0,90.0965772929184
91,697652272,0,6,1,53610,126,112.0,53.72731312542005
92,3209150,2,6,0,32711,2,21.0,7.5787154704551165
93,402417817,0,6,1,480956,62,298.0,79.78861319139065
94,503622929,0,6,1,74810,75,43.0,28.013628733574834
95,477342747,2,6,1,188890,152,168.0,71.82748693721791
96,51030552,0,6,1,139410,94,138.0,52.46562135112281
97,9736638,2,6,1,53972,159,86.0,55.69132932155515
98,82389,1,6,1,173292,101,2421.0,540.4664727300991
99,49631892,2,6,1,837122,157,335.0,108.70829648972428
100,3149619,0,6,1,691084,20,542.0,122.70134851540539
101,54191665,0,6,1,349773,96,218.0,70.07852098739517
102,38829,1,6,1,655335,176,2571.0,588.8923281769721
103,3303103,1,6,0,28707,8,34.0,11.459999337441552
104,471460273,2,6,1,308464,81,301.0,84.82354342369773
105,474593909,2,6,1,186366,113,128.0,54.84245563193556
106,13908542,0,6,1,63007,82,167.0,55.91870116765717
107,623441612,2,6,1,205882,72,351.0,93.45949382868557
108,416622817,0,6,1,372759,39,359.0,87.75213179395791
109,576858552,0,6,1,38030,60,156.0,48.725465720739265
110,135980509,2,6,0,73372,47,156.0,46.22069794823557
111,27322128,2,6,0,34081,34,108.0,33.0599107938086
112,282994,2,6,1,3308944,25,284.0,69.40883308914601
113,620903,0,6,1,673050,112,162.0,61.721355809910904
114,433307,2,6,1,42478,88,187.0,61.76116797764806
115,390647282,0,5,1,33065,113,53.0,38.139340820616425
116,85816940,0,6,1,134938,17,54.0,17.85969817459309
117,558070436,2,6,1,52168,1,46.0,12.88019590842003
118,258875006,2,6,1,89725,80,36.0,27.975080212118385
119,147983220,0,6,1,76328,57,87.0,33.48266206348718
120,592507317,2,5,0,88927,68,4.0,18.30373123420145
121,3009298,0,6,1,163265,30,122.0,35.19347261890629
122,434565011,2,6,1,392556,17,725.0,161.2839456066592
123,651649,2,6,1,25425,49,75.0,29.364666721358432
124,487550002,2,6,1,183906,52,608.0,143.84344918550963
125,70070,0,6,1,339671,92,564.0,142.9040956499402
126,697091119,0,6,1,216021,5,195.0,45.35975276652857
127,567234492,0,6,1,30937,112,136.0,55.718295931792206
128,666726802,2,6,1,33823,12,89.0,24.36076334483746
129,602200741,0,6,1,41707,77,89.0,38.15740206317037
130,2138676495,2,6,1,70914,19,206.0,50.912552696290284
131,1516482,0,6,1,114039,23,62.0,20.840288661894405
132,477332594,0,6,1,772074,74,173.0,55.83908218757964
133,494850406,2,6,1,52739,112,195.0,68.70583968531685
134,410636303,0,6,1,77764,109,148.0,57.76247651559922
135,401480763,2,6,1,1102704,74,339.0,91.5909046613832
136,477306079,2,6,1,61839,14,129.0,33.40587571636746
137,3328498,2,6,1,23886,45,17.0,16.133238216626484
138,3046429,0,6,1,2223259,77,356.0,95.6287871890026
139,438848253,2,6,1,30408,86,58.0,33.79969161261103
140,157330863,0,6,1,105245,94,203.0,66.26817098291616
141,349991143,0,6,1,875055,40,956.0,215.25898834509655
142,479633069,0,6,1,114853,58,113.0,39.29936265764933
143,455899334,0,6,0,42517,95,142.0,53.232306550515005
144,43272050,0,6,1,462428,57,312.0,81.67968116836917
145,370515,0,6,1,97612,36,65.0,24.276802113065116
146,1352646,0,6,1,194209,61,403.0,101.79968021683885
147,1780645,2,6,1,68653,56,23.0,19.95765983663544
148,899804,2,6,1,293214,63,183.0,55.775887357521555
149,385281102,2,6,1,148870,97,166.0,59.43053513685153
150,442902274,2,6,0,81504,34,181.0,48.74056951404465
151,186463,2,6,1,189063,53,245.0,66.74562517134662
152,407106379,2,6,1,449846,11,503.0,112.71651574772389
153,6747203,0,6,1,106144,102,160.0,58.84645534320376
154,482911295,2,6,1,47724,21,143.0,37.86775164394435
155,480745939,1,6,1,550654,27,334.0,80.05204815319807
156,692283831,0,6,1,229004,17,311.0,72.68056570719453
157,12497617,2,6,1,276706,81,246.0,73.09213733830083
158,6853766,2,6,0,183469,91,125.0,49.304089950226206
159,421267475,0,6,1,222057,62,297.0,79.45891409708287
160,441381282,2,6,1,465893,12,375.0,85.6748084022243
161,380829248,0,6,1,612196,20,769.0,171.0340459735206
162,640283,0,6,1,26539,73,104.0,40.41614196485838
163,690804827,2,6,1,181221,116,148.0,59.74922835654725
164,269415357,0,6,1,432208,130,240.0,82.17447599715774
165,659401,0,6,0,44825,142,97.0,53.854288716069476
166,934940,0,6,0,36016,2,162.0,37.28624950303512
167,387108043,0,6,1,107453,103,222.0,72.27130613206819
168,661461705,2,6,1,86374,125,200.0,72.66633273952041
169,174589427,0,6,1,26670,103,79.0,41.601885487193584
170,6415072,1,6,1,333858,76,119.0,44.814489125810326
171,5563350,0,6,0,564893,17,527.0,118.70190313336109
172,1750561,2,6,1,105544,67,142.0,47.7565993641911
173,1697694,2,6,1,89846,170,120.0,65.39728370825937
174,476725595,2,6,1,66035,64,76.0,32.97678896770516
175,36576761,0,6,1,75111,38,118.0,35.96023506705808
176,529249,2,6,1,120890,75,180.0,57.607098084349595
177,323774877,0,5,0,53926,51,39.0,21.65420057031934
178,61639371,0,6,1,109712,51,144.0,44.376447718458145
179,2100679,2,6,1,468920,50,217.0,60.26778630603505
180,545511,2,6,1,30172,55,160.0,48.797515112767
181,6640131,2,6,1,195400,96,102.0,45.622603406807215
182,7591465,0,6,1,126188,48,46.0,22.87257474874815
183,480432362,2,6,1,203285,41,412.0,99.72357699636036
184,8881297,0,6,1,393499,103,378.0,105.69530790463658
185,39267739,2,6,1,192878,69,171.0,54.458641784692645
186,117906,0,6,1,33718,163,63.0,51.249293851854745
187,7706705,2,6,1,746849,87,127.0,49.197066363568865
188,480680646,1,6,1,1270769,86,504.0,129.1913250508366
189,30527188,0,6,0,22733,2,78.0,19.324767506737203
190,744713,2,6,0,70855,94,98.0,44.0604270129531
191,118754720,2,6,1,157861,53,25.0,19.858389996873363
192,477792,2,6,1,456652,61,338.0,88.42378321066664
193,56748733,2,6,1,188671,105,314.0,92.72631176550416
194,387636363,2,6,1,498985,57,320.0,83.7351700284384
195,351856931,2,5,1,23236,126,25.0,35.283072169945974
196,602724685,2,6,1,35047,110,99.0,47.762131239815005
197,509050400,1,6,1,38721,162,47.0,47.81518474249299
198,484451346,0,6,1,32637,38,48.0,20.92437348585647
199,52522,0,6,1,41757,49,66.0,27.18258297951522
200,558070434,2,6,0,37195,22,83.0,25.144113373016438
201,574317507,2,6,0,148875,86,74.0,37.324540208305294
202,292838396,2,6,1,70174,159,131.0,65.31596870580697
203,41461068,1,6,1,35056,96,85.0,41.57217001133712
204,2878144,2,6,1,119180,99,143.0,54.93194692537945
205,5659864,2,6,1,218647,59,90.0,35.05457728926453
206,922573,0,6,1,534654,21,107.0,30.224595638240707
207,4911722,2,6,1,85302,14,241.0,57.31044693015943
208,1420223,1,6,0,63602,72,179.0,56.35312042950157
209,513273343,2,6,1,82364,40,103.0,33.553154462811435
210,672342685,0,6,1,677221,15,221.0,53.240288693759055
211,692611676,0,5,1,60381,84,7.0,22.13927289449977
212,672346917,0,6,1,584410,14,245.0,58.113032068612235
213,17511965,0,6,0,48039,146,9.0,35.98874503745858
214,672328094,0,6,1,1709429,16,269.0,63.821102163142655
215,686241472,1,6,1,75194,101,98.0,45.54140183464763
216,666726800,1,6,1,33630,4,60.0,16.27689924451488
217,286113280,0,6,1,57836,74,114.0,42.880770371420354
218,26087398,0,6,1,74087,60,75.0,31.57316229895178
219,17794913,0,6,1,26356,78,51.0,30.21109713603709
220,521950190,2,6,1,162408,85,61.0,34.474677911953606
221,1485569,2,6,1,22493,97,35.0,31.24216487373012
222,703018634,2,6,1,43100,116,182.0,66.77436301968987
223,650663945,0,6,1,188427,3,254.0,57.472116357386675
224,672353429,0,6,1,572005,16,236.0,56.62679235474896
225,671538942,0,6,1,140590,129,259.0,85.83489407294317
226,688275304,0,6,1,117412,2,88.0,21.825690103766306
227,690608694,2,6,1,45250,38,51.0,21.952713650318337
228,690608691,2,6,1,60833,62,76.0,32.5303990402643
229,631070414,2,6,1,480923,64,232.0,66.50460283042008
230,690608706,2,6,1,95346,68,158.0,51.36625541657554
231,690608686,2,6,1,95546,64,152.0,49.22057182596986
232,674539396,0,6,1,383881,147,66.0,48.783571271044046
233,13294045,2,6,1,52466,94,174.0,60.32605601358018
234,4727663,2,6,0,28300,36,70.0,25.371843179628332
235,58485079,2,6,1,120094,101,97.0,45.56910053731626
236,698438232,2,6,1,292268,38,259.0,66.53839939674972
237,518817,0,6,1,194690,137,223.0,79.95205373817493
238,484660274,0,5,1,25458,112,102.0,48.31986258247898
239,613345189,2,6,1,94746,56,93.0,34.9163021907599
240,1734978373,2,6,1,284943,112,295.0,90.26056671032646
241,11073,0,6,1,3468898,44,270.0,70.21696147585723
242,698029620,2,6,1,1284904,36,287.0,72.29199537936776
243,440772821,0,6,0,53107,55,90.0,33.50988966781783
244,94363275,2,5,1,34861,109,29.0,32.50732772473021
245,1828506816,0,6,0,157197,30,200.0,51.67875351629868
246,14387072,2,6,1,432449,109,156.0,60.06556017157821
247,749499,0,6,1,77816,121,227.0,77.19357745402695
248,8760033,2,6,1,66395,89,41.0,30.947609931745088
249,4071581,0,6,1,55780,5,16.0,7.028304769838403
250,163653,2,6,1,479248,66,94.0,37.544075996644494
251,2700878,2,6,0,45916,126,738.0,187.258919906797
252,194326389,2,6,1,268948,101,321.0,93.40284327303345
253,579861015,2,6,1,88715,58,123.0,41.730370823767004
254,4870889,2,6,0,56091,1,62.0,16.17614432827584
255,45502,0,6,1,567939,93,112.0,46.92271516393305
256,2341174,0,6,1,175269,82,272.0,78.43818565955077
257,477597410,2,5,1,23395,56,40.0,23.289101918098346
258,1472906636,1,6,1,200119,108,40.0,34.854206787756766
259,399815233,2,6,1,371085,107,102.0,48.10645215030485
260,2094031249,0,6,1,90469,79,122.0,45.737327141965196
261,1048861669,2,6,1,31708,54,101.0,36.02101296838751
262,2110900767,1,5,0,56760,2,23.0,7.790934656822371
263,4098782,0,6,0,31292,112,98.0,47.50301878067354
264,1437582453,0,6,0,434870,44,80.0,29.31040316463954
265,1501380958,0,6,1,256076,88,340.0,94.28143766271486
266,2100944625,2,6,1,187794,64,43.0,26.105608235350985
267,664047468,0,6,0,83079,75,139.0,48.35445963344028
268,2123631024,2,6,1,64097,58,108.0,38.48629107883116
269,17479767,2,6,0,20665,13,59.0,17.990365705768824
270,368097,2,6,1,64274,67,38.0,25.529707481553537
271,1802011210,0,6,1,363215,79,235.0,70.01621528388681
272,2138602891,2,5,1,66516,96,111.0,47.24988486768038
273,2052064438,2,6,1,100313,100,76.0,40.851923637084376
274,7391608,2,6,0,20067,2,55.0,14.746931625021764
275,606293627,2,6,1,56850,52,64.0,27.79417389637598
276,38271760,2,6,1,113694,137,135.0,61.46683115209255
277,7445513,0,6,0,29913,157,472.0,136.92321331557204
278,8041302,0,5,1,50281,119,133.0,56.54463276522065
279,1899153123,2,6,1,59948,95,98.0,44.375186152613495
280,551527845,0,5,1,24693,81,60.0,32.64225553732775
281,35231887,0,6,1,45556,56,77.0,31.057731340226532
282,607286,2,6,1,469659,22,177.0,45.6720240889453
283,690608702,2,6,1,48739,62,66.0,30.366929456300877
284,690608693,2,6,1,141122,100,158.0,58.36946438656484
285,472848826,0,5,1,70700,116,28.0,33.58009632863458
286,1846208014,0,6,1,39900,78,79.0,36.23771387203457
287,14350494,0,6,1,90573,67,92.0,36.74350062659006
288,1220621189,0,6,0,53295,30,223.0,56.414423267365606
289,26541399,0,6,1,295436,71,60.0,30.974027334056316
290,1164975438,2,6,1,123870,80,56.0,32.28377517403978
291,1705007318,2,5,1,24285,67,29.0,23.338739737371757
292,393885664,2,5,1,26773,104,20.0,29.465467528593095
293,47791562,2,5,1,26171,75,114.0,43.19103348817953
294,20873473,0,6,1,25757,68,16.0,20.582625718785163
295,628941292,0,6,0,123137,2,107.0,25.75687897818379
296,12945093,0,6,1,90547,51,57.0,25.816457274116267
297,34423885,2,6,1,47727,130,148.0,62.58576113572548
298,1875094289,0,6,1,192818,82,276.0,79.30459480468727
299,14405936,0,6,1,30472,86,294.0,83.72800908973193
300,630077416,0,6,1,385927,110,243.0,78.45637393022
301,249243,0,6,0,29442,97,193.0,64.47381680330301
302,15641218,0,6,1,152862,85,104.0,43.284530915719415
303,437786939,2,6,1,35655,37,185.0,50.241728344937826
304,303246676,0,6,1,20721,57,38.0,22.84877434662132
305,690608688,0,6,1,37387,1,83.0,20.370890827738656
306,690608704,2,6,1,146358,89,134.0,50.8759654540697
307,4718716,2,6,1,28993,52,22.0,18.746496264778763
308,1780983970,2,5,0,26387,77,28.0,25.185274638285314
309,49142760,2,6,1,44981,1,64.0,16.69181331406277
310,2007781080,2,6,1,220933,65,171.0,53.611147829834294
311,176135235,0,6,1,254652,163,157.0,71.57659563111606
312,1243266187,0,6,1,84070,84,136.0,49.79325016468353
313,1964786482,2,5,0,27496,36,12.0,12.886491168597981
314,8978401,2,6,0,25310,2,61.0,16.059982182884415
315,4882872,2,6,1,22996,16,187.0,46.04450441057821
316,1265680561,0,6,1,683757,148,149.0,66.7667390384192
317,2115139772,0,5,1,32629,73,35.0,25.623336468113507
318,1900434152,0,6,0,601508,11,161.0,39.45138646227312
319,473244363,2,6,1,801825,71,346.0,92.38279149444102
320,1761499833,2,5,1,33033,83,126.0,47.518194613458036
321,1217962385,0,6,0,89200,218,195.0,91.32419408410378
322,1489377760,0,6,1,45289,11,135.0,33.64584373791295
323,731556,2,6,0,38583,70,53.0,29.17564562363406
324,1376650682,2,6,1,57722,56,34.0,22.274472443010644
325,24957521,1,6,1,100051,151,222.0,82.84652873557962
326,591892279,2,6,1,217494,86,72.0,37.078778907981444
327,1230463982,2,6,1,45678,78,64.0,33.40313518114067
328,569192826,2,5,0,34836,67,52.0,28.16921939868571
329,91352,0,6,1,37551,112,167.0,62.35055174848741
330,597701,2,6,1,41343,140,124.0,59.62207841833103
331,396316042,2,6,0,94631,35,160.0,44.50711879993489
332,499276043,0,5,1,24513,33,42.0,18.391150789075972
333,1401928,1,6,1,90322,64,151.0,48.8290815876523
334,140378,2,6,1,602413,51,302.0,78.6276134788726
335,1861416807,2,6,0,80865,1,175.0,40.30038099285964
336,90873,2,6,0,119262,72,39.0,26.798050782925415
337,686201061,2,6,1,299582,43,394.0,96.38213166075573
338,11362225,0,6,1,61856,113,47.0,37.08291722168322
339,1112031857,0,6,1,46599,131,58.0,43.28914948845906
340,472056419,2,5,1,20623,60,14.0,18.60005849775741
341,1121411561,2,6,0,37558,67,104.0,39.383579894248996
342,1643484295,0,6,1,124598,78,105.0,41.947660022910185
343,29080,2,6,1,85825,58,22.0,20.212369908367208
344,677744233,0,6,1,485757,106,214.0,71.44611303045399
345,11431931,2,6,1,53668,74,22.0,23.613476402156266
346,1703797642,2,6,1,68297,61,79.0,32.96987478923006
347,1422451239,0,6,1,110776,73,46.0,28.277905078923517
348,720964,2,6,1,352244,91,179.0,61.02758398883509
349,283886865,0,6,1,116901,62,85.0,34.20603148796327
350,1340967709,2,5,0,50521,8,62.0,17.552351799931827
351,1070733875,2,6,1,326928,59,127.0,42.99632178156453
352,1958934,2,6,0,29597,215,212.0,94.46760967085748
353,1242456361,2,5,0,38947,2,9.0,4.922063511002967
354,1968783589,2,6,1,526036,11,75.0,21.57614186449682
355,609132511,1,6,1,296332,1,208.0,47.478484594683415
356,1602085,2,6,1,36849,19,12.0,9.491702147791289
357,1051654586,2,4,1,22325,97,6.0,24.81003282326745
358,25032753,1,6,1,113516,77,17.0,23.142594560344836
359,1687766935,2,5,1,28291,21,15.0,10.397795150789419
360,286914392,0,5,1,47380,24,23.0,12.490659277134629
361,12862137,2,5,1,30389,125,49.0,40.21859723295107
362,2240157,0,6,1,47902,43,37.0,19.7243137929633
363,835644,0,6,0,71014,43,81.0,29.032765480272285
364,279704683,1,6,0,166695,38,678.0,155.40761208221744
365,1323227037,0,6,1,104085,71,125.0,44.66149743595227
366,2294686,1,5,1,36196,8,39.0,12.556002288065125
367,249118,2,6,1,1603000,41,155.0,45.294395502170346
368,1030723991,0,5,1,26770,58,56.0,26.811450607613672
369,12330804,2,6,1,635327,12,105.0,28.21164616099966
370,2049968320,2,6,0,44513,55,23.0,19.552234020608733
371,401315430,0,6,1,441328,26,292.0,70.68562908996401
372,690608698,2,6,1,55077,91,99.0,43.707389610254374
373,744031,0,6,1,56795,15,10.0,7.923027739472493
374,180485916,0,6,1,414460,65,244.0,68.91514449381081
375,181998984,2,6,1,103622,48,43.0,22.543824246162828
376,11771366,0,6,1,40605,59,23.0,20.189358620098194
377,690608695,1,6,1,44348,2,43.0,12.263673256524728
378,690608690,2,5,1,52131,44,40.0,20.806088774118944
379,2048677,0,6,1,41881,44,34.0,19.282030718909247
380,1856528671,0,6,1,1127223,25,170.0,44.624225414229
381,690608689,0,6,1,40162,49,73.0,28.667702159642282
382,698168210,0,6,1,95572,63,71.0,31.41061291053567
383,477007,2,6,1,157439,21,201.0,50.401985797456625
384,1752208642,0,5,0,56030,67,101.0,38.33798002362445
385,74617154,2,6,0,39761,107,92.0,45.51618691351531
386,1521415,0,6,1,193031,86,87.0,39.9157615175893
387,34815578,0,6,1,95713,63,150.0,48.23783552081726
388,251159663,2,5,0,22248,86,97.0,41.809511116782986
389,19446443,0,6,0,25253,81,0.0,19.869641736168592
390,826393,1,6,1,406749,19,121.0,32.90130868655142
391,6716902,2,6,1,27660,14,146.0,36.90538913338803
392,4718291,0,6,1,32799,75,40.0,27.25012114922149
393,415481887,0,6,0,79884,1,437.0,95.7645379600697
394,67246581,0,5,1,46617,133,90.0,50.41220780462868
395,690608712,2,6,1,33442,86,82.0,38.92605274897741
396,1359949418,2,6,1,336837,76,133.0,47.96783051633259
397,690608709,2,6,1,132933,101,75.0,40.89843767865228
398,400421892,2,6,1,47729,136,164.0,67.29576746324811
399,4947340,0,6,0,37864,26,119.0,33.3428051668095
400,1041474702,0,6,1,116022,172,241.0,91.30289180119908
401,1556629067,0,5,1,28447,80,44.0,29.038625495861805
402,532791,0,6,1,126971,125,157.0,63.22550881292926
403,1512788587,2,5,1,34860,101,91.0,43.97732339318017
404,1324211803,2,5,0,21436,35,39.0,18.382896881622827
405,1296133469,2,5,1,66700,17,67.0,20.73530199501746
406,689274741,0,5,1,44274,140,55.0,44.468421084319246
407,7086255,2,6,1,380008,32,223.0,57.608040085201
408,12939237,0,6,1,152422,77,66.0,33.45409564858451
409,11416708,0,6,1,31381,63,74.0,31.88144764187482
410,398655122,0,6,0,83507,129,65.0,44.311235546688735
411,1880355910,0,5,0,26293,8,79.0,20.73473576147953
412,1555453291,2,6,1,65136,105,249.0,78.72071913328216
413,2067739276,2,5,1,37333,53,28.0,20.152672572882672
414,1518296186,2,4,1,35000,65,19.0,20.702928604411206
415,8156542,2,5,0,20131,22,98.0,28.11941244536932
416,15225468,2,6,1,53689,20,61.0,20.202535476087924
417,1788955114,0,5,1,37635,27,83.0,25.886889151867763
418,147688,1,6,1,22843,52,64.0,27.486496400552035
419,334299,2,6,1,63944,122,1087.0,260.9009302098752
420,125694602,2,5,1,30881,94,47.0,33.06802235444214
421,1069108539,0,6,0,167934,51,185.0,53.05073027493215
422,780791,0,5,1,29653,85,26.0,26.295895105541636
423,13838369,2,5,1,21918,115,65.0,41.40725458789952
424,598716541,2,6,1,40391,65,165.0,52.07656070229504
425,296880903,2,6,0,161817,90,61.0,35.43612742325694
426,1863644136,2,6,1,47238,61,57.0,28.228206043794287
427,867152,0,6,1,356618,81,61.0,33.385447489439144
428,410124536,0,5,0,24996,225,68.0,65.4730971347484
429,1386545245,2,6,0,104939,19,116.0,31.678731310699014
430,3774410,0,5,1,43889,47,51.0,23.434102268726598
431,1927037753,2,5,1,19529,29,47.0,18.8938280287117
432,1270402498,2,5,1,41038,88,56.0,33.72596031560277
433,278296,0,6,1,32171,64,43.0,25.499201926396353
434,82044006,0,6,0,57300,67,122.0,42.941364441308124
435,15076745,0,6,1,917526,77,196.0,61.415144865653986
436,1816182565,0,5,1,68676,91,118.0,47.320710415901765
437,3526739,0,6,1,53610,82,113.0,44.39231312542006
438,31909735,0,6,1,20495,9,70.0,19.247118371173705
439,1354255177,2,5,1,31788,121,137.0,58.10139346499807
440,698524795,2,6,0,30312,66,74.0,32.74421414185746
441,20966016,2,4,1,23012,112,65.0,40.63660943579546
442,2268234,1,5,0,22023,23,145.0,38.190976238757614
443,1795366254,2,5,0,36289,1,31.0,9.38038976154807
444,1219196749,0,6,1,218494,15,200.0,48.59647158881116
445,1468306600,0,5,0,22944,8,7.0,5.3781625732533005
446,3570093,0,6,1,193380,110,81.0,43.84603427904967
447,23938690,1,6,1,231585,90,375.0,102.32525804061737
448,4242014,0,6,0,61781,75,53.0,29.991734024074262
449,28677456,2,6,1,52168,86,55.0,33.24219590842003
450,504674421,0,5,1,46177,29,22.0,13.358775804759226
451,1011812576,2,6,1,59179,35,3.0,11.118236626259844
452,1394160176,2,5,0,28822,87,56.0,33.33260303377315
453,14829832,0,6,0,495438,50,6.0,14.870092822316993
454,17907167,2,6,0,22736,32,13.0,12.329787432400868
455,2119815078,2,5,1,24014,1,32.0,9.65404523316119
456,475656353,2,5,1,32748,122,65.0,42.986886172744946
457,1958703906,2,5,1,49281,109,37.0,34.263599377421606
458,5467364,0,6,0,23254,63,58.0,28.30518909832351
459,1657906522,0,6,1,155667,58,67.0,29.547276632785547
460,5482095,2,6,1,27781,119,63.0,42.01204824952988
461,48217254,0,5,1,24915,41,57.0,23.32460702191804
462,1688076885,2,6,0,23566,34,29.0,16.177201601415266
463,2750975,2,6,1,57619,75,41.0,27.888202755663833
464,1743015,2,6,1,37217,62,58.0,28.622202659693237
465,14272337,0,6,1,183417,124,138.0,59.01704714673928
466,39952788,2,5,1,28725,112,66.0,41.01009398851026
467,1553780731,2,6,0,80521,29,58.0,21.45473726814165
468,1535525542,1,6,1,42510,26,77.0,24.707281687824278
469,1461176910,1,6,1,44304,34,104.0,32.20052336705702
470,1757836012,1,6,1,44403,64,109.0,39.7758604093695
471,1230039261,1,6,1,77518,45,159.0,46.38699808241217
472,545530293,2,6,1,62034,116,112.0,51.91935112302303
473,1377212676,2,6,1,267466,46,162.0,47.60000890789987
474,27231887,0,6,1,226651,55,146.0,45.780006166935706
475,1042854135,2,6,1,290466,3,224.0,51.48746551313446
476,1085221011,2,5,0,25403,3,120.0,28.717536005996525
477,7723009,0,6,0,87186,91,190.0,62.69674565602886
478,96264399,0,6,1,109179,76,34.0,26.37071234643218
479,1723206278,0,5,0,21639,46,42.0,21.07032013069694
480,1484169431,0,6,1,92189,93,63.0,36.21117101058212
481,1155425566,0,5,1,77180,100,42.0,33.10333824089883
482,690608714,2,5,1,44371,15,27.0,11.719751548662327
483,1195405071,0,5,1,93587,26,148.0,39.65244366135356
484,1855519979,2,6,1,184150,56,152.0,47.58364939420285
485,234782,0,6,1,772831,67,444.0,112.04323016691708
486,1217754423,0,6,1,41680,31,100.0,30.518304278140516
487,1660392980,0,6,1,61507,37,96.0,31.027062846536808
488,1878154667,0,6,1,51290,24,96.0,28.178632913137882
489,1900141897,0,5,1,47249,33,97.0,30.20524120207019
490,28278764,0,6,1,177555,88,123.0,48.00514239055747
491,1405589619,2,5,0,30622,2,73.0,18.51775057156362
492,2126507529,2,5,1,26190,65,46.0,26.537143073562767
493,7966,0,6,1,1564106,8,98.0,25.64868657088175
494,1433840,0,6,1,112994,81,229.0,68.99589858983988
495,27735697,0,6,1,170830,44,51.0,23.115312052530108
496,503026492,0,5,1,45495,55,69.0,29.009529014027407
497,1278545,2,6,0,32917,25,74.0,23.859663422614567
498,14897804,0,6,1,1404618,24,45.0,17.81544666658685
499,10726207,2,5,0,35718,51,58.0,25.9789949163996
500,1993395129,1,5,1,37255,87,30.0,27.786356757891163
501,4365978,2,6,1,191527,23,40.0,16.572580394544552
502,3188835,0,6,0,23936,118,15.0,31.085553970996905
503,1189811162,2,5,0,24023,70,176.0,55.17610181454703
504,1522046925,0,5,0,30529,57,23.0,19.462291281909266
505,3084780,2,6,0,35349,8,128.0,31.6834268327396
506,2109776,1,6,1,86809,83,151.0,52.9460913028683
507,12070947,0,6,1,160891,7,53.0,15.503260841803922
508,7158877,0,6,1,39845,132,132.0,59.24450558308061
509,16907771,1,6,0,85278,11,29.0,11.210404439832026
510,57871034,0,5,1,26981,144,50.0,44.19663611722863
511,4697767,0,6,0,22242,12,32.0,11.693470388529196
512,505183397,2,5,1,69588,102,49.0,35.35270246006733
513,1372936974,2,6,0,83015,53,171.0,50.73634326559463
514,230487728,2,6,1,45352,120,79.0,45.71105364295662
515,8491226,2,6,1,56032,27,115.0,33.22998541349792
516,1820388854,0,6,0,43212,45,112.0,35.99475490052897
517,946324,2,6,1,113535,81,200.0,63.15961983220012
518,96975902,0,5,1,20501,26,28.0,13.863162570608111
519,873389,0,6,1,28356,117,172.0,64.4581416829732
520,8171802,1,6,1,61138,131,148.0,62.67015422134823
521,341688520,2,5,0,37779,125,49.0,40.128465809422764
522,358336849,0,4,0,20467,3,45.0,12.242911935908896
523,1476333866,0,5,0,30156,44,86.0,30.058435017287067
524,210628,2,6,1,80055,112,77.0,43.63486084579286
525,1344144,2,6,0,110625,71,26.0,23.800699108728846
526,1282271864,2,6,1,357138,99,114.0,48.920667508644286
527,134637395,1,6,0,51014,103,32.0,31.735818162959756
528,16510117,0,6,1,30795,79,148.0,51.1126012503363
529,1132553462,2,5,1,64326,155,237.0,86.88582959664572
530,1738710719,2,6,1,74772,120,117.0,53.880552013112165
531,697737710,2,5,1,60943,107,48.0,36.20467183629172
532,1086330105,0,6,0,26872,42,82.0,28.882024859825112
533,324884920,2,5,1,47592,84,28.0,26.91633341378903
534,75094637,0,5,0,29721,2,5.0,3.6892409809918125
535,1485277312,0,5,0,36009,33,41.0,18.11322015211521
536,1783955,0,6,1,21201,41,187.0,51.1172323480332
537,6699767,2,6,1,73802,99,38.0,32.494580307684345
538,36265198,2,5,1,46250,82,58.0,32.868014328184024
539,1652576593,2,4,1,23342,16,23.0,10.860759448387817
540,23100916,0,5,0,36316,42,32.0,18.15050206786824
541,67343062,0,5,1,24224,34,107.0,32.45135997259182
542,1025491703,0,6,1,271005,64,74.0,32.4239937750313
543,1202416628,2,6,1,193268,100,62.0,37.96894679896198
544,1056035051,0,5,0,45599,102,0.0,24.388873800881058
545,5986897,2,6,1,37977,75,119.0,44.43925513483804
546,1634413860,2,6,0,32572,100,59.0,36.93807245369064
547,237140787,2,6,0,154622,26,32.0,15.36425954486694
548,9264492,2,5,0,25764,128,21.0,34.757666750597686
549,2093232,0,6,1,467203,82,104.0,42.80223238888797
550,35565205,1,6,1,157837,76,154.0,52.15636703822297
551,2072717192,1,5,1,96206,157,40.0,45.24961129772046
552,1543083238,2,4,1,35568,117,26.0,33.4803594470668
553,593793031,0,4,1,27535,117,51.0,38.426705193456186
554,10276136,2,6,0,120679,48,33.0,20.31383430043608
555,425286,0,6,1,67746,25,19.0,12.036651625157695
556,1109759825,0,6,0,76600,60,91.0,34.863199205715034
557,3301695,2,6,1,708776,2,72.0,19.029165517465845
558,1809810330,0,6,1,78789,89,43.0,31.059453829501173
559,1697848019,0,5,1,44414,105,306.0,90.33689781211916
560,109564538,1,5,0,192491,75,38.0,27.01133850643391
561,168210,2,6,1,49040,92,89.0,41.776859127162126
562,323905978,2,6,1,128963,83,94.0,41.03485940389507
563,16059520,2,6,1,25163,127,196.0,72.06210262102911
564,8018712,2,6,1,40875,23,0.0,7.819359360138133
565,180035670,2,6,1,57191,89,129.0,49.669076925171964
566,9667357,1,6,1,22112,1,69.0,17.479585234711678
567,17832530,1,6,0,73395,30,51.0,19.996745274951092
568,1244296084,0,5,0,41841,89,83.0,39.233886431853044
569,1471298380,1,5,0,39370,1,45.0,12.204694666974603
570,398431,2,5,1,29610,153,57.0,47.99467598058544
571,169710597,0,5,1,23577,70,161.0,51.761272067869676
572,1683159082,2,4,1,22875,39,11.0,13.2927077834117
573,176528442,2,5,0,30109,169,52.0,50.281199490814366
574,1123156073,2,6,0,33056,57,38.0,23.136299714159826
575,109834414,0,5,0,105297,134,19.0,35.50624557136084
576,2242273,2,6,0,26485,3,265.0,59.73583440591077
577,11300631,0,6,1,74196,149,2.0,35.33738429342133
578,410689349,2,5,1,22686,126,7.0,31.445454994240965
579,588129,2,6,1,156723,2,0.0,3.465297514423077
580,1583472,0,6,1,21842,57,17.0,18.38373009011441
581,412630000,0,5,1,22655,55,19.0,18.254248514422287
582,1263525525,0,5,1,35453,140,29.0,38.89687043634668
583,1369729,0,6,0,27642,49,19.0,16.98629083675876
584,255168680,0,4,1,27403,43,45.0,21.0899795740905
585,3264702,2,6,0,107861,5,0.0,3.936878394658999
586,515587396,2,6,1,32965,127,76.0,46.54288345240366
587,1104048496,2,5,1,51402,122,22.0,33.89596228654001
588,1354106821,2,4,0,23061,66,4.0,17.538930621860604
589,282875499,0,5,1,38701,122,83.0,46.50610672849007
590,1674274422,0,4,1,20338,31,50.0,19.505957196789012
591,310941,0,6,0,92153,113,72.0,42.34511203324577
592,1216158888,2,5,1,31368,37,27.0,16.4413850751398
593,529341976,0,4,0,26981,36,8.0,11.564636117228632
594,1517067289,0,5,0,48424,17,14.0,8.9349503764733
595,3938351,0,4,0,67888,20,172.0,43.16396779968375
596,32341597,0,5,0,20802,39,0.0,10.599363466651873
597,6000336,2,6,1,34278,96,183.0,62.612781113220834
598,703055595,2,5,0,45443,78,67.0,33.79135632492371
599,44070158,2,6,1,662164,169,260.0,95.30189354929493
600,24626465,0,6,1,34082,27,74.0,24.08191522436477
601,1813542185,2,5,1,23512,23,0.0,7.608855197422912
602,6668726,0,5,0,19848,1,0.0,2.3462746373311174
603,30962669,2,6,0,26038,145,0.0,34.10226415555706
604,23269266,2,5,1,32329,84,0.0,20.893941710821814
605,1802392,0,6,1,273402,226,85.0,69.92232347629866
606,193558681,0,6,1,286548,90,95.0,42.547414862395996
607,12622108,2,6,1,281480,98,143.0,54.84472031808815
608,128552,2,6,1,63392,109,89.0,45.50462103537424
609,12071209,0,5,0,19320,2,0.0,2.559203312272743
610,380132653,0,5,1,23073,121,27.0,34.2830091756405
611,1167809473,2,5,0,21104,34,0.0,9.856539899118522
612,1137238341,2,5,0,25289,115,119.0,52.80785684443179
613,1097083213,2,5,0,42259,63,0.0,16.25438746680561
614,5374546,1,6,1,97419,173,304.0,105.08250325791374
615,394593891,0,6,1,22842,59,120.0,40.76348979006719
616,703068520,1,5,0,34388,132,48.0,41.25026490473944
617,1595005,0,6,1,80230,94,184.0,62.1801905711009
618,121487111,0,6,1,288522,62,123.0,42.436451519396826
619,38786608,1,6,0,68201,53,0.0,14.113662390478579
620,1880643,2,6,0,25543,23,0.0,7.625365906409256
621,752015,2,5,1,30427,80,31.0,26.619785933317644
622,393457552,0,6,1,38914,74,135.0,47.293935513666725
623,397146,2,6,1,22909,57,0.0,15.109932053940437
624,565611914,0,6,1,26782,119,0.0,28.247518280157383
625,677797838,2,4,0,39057,137,93.0,51.9824893868814
626,1288526115,0,5,0,47573,18,0.0,6.167273118511604
627,19565962,0,6,1,223509,49,0.0,13.377898251062888
628,251144,2,6,0,24673,81,0.0,20.206133185905102
629,567708,2,6,1,33355,5,232.0,53.298659407736686
630,17967817,2,6,0,50947,67,12.0,19.833619714504838
631,1308967115,0,6,1,29968,2,39.0,11.182490699127264
632,435243735,2,5,1,58453,80,69.0,34.8123727220169
633,1652111117,2,6,0,40564,75,64.0,32.61120607416251
634,34304096,0,5,0,40786,7,112.0,27.613030218802095
635,160450916,2,6,1,77607,71,90.0,37.50217134915157
636,4170108,2,6,1,126573,111,174.0,64.14803474886651
637,411836439,2,4,1,25164,94,0.0,22.89910862178418
638,2100849335,2,6,0,31627,30,0.0,9.176626736235672
639,4705522,0,6,1,415192,2,139.0,32.879410947766644
640,893750,0,5,1,21917,94,26.0,28.20324769842764
641,8558528,2,6,1,40647,61,62.0,29.270514727038695
642,504140200,0,6,1,36215,80,75.0,35.805081530171044
643,6783704,0,6,1,169693,1,34.0,10.16230367636733
644,167945180,2,6,1,94258,2,299.0,67.07552243833405
645,699327470,2,5,1,40020,112,35.0,34.45716732582879
646,524915897,0,5,1,37985,1,0.0,2.567286940214536
647,11528489,0,6,1,137433,47,122.0,38.85646466249544
648,1880188304,0,5,1,76544,101,64.0,38.00508877369841
649,385331112,1,6,0,36361,36,22.0,15.015689059650189
650,1598050030,0,4,1,22671,62,46.0,25.39735511990701
651,3215962,2,6,0,41462,92,69.0,37.36851242623805
652,415674,2,6,0,34286,61,0.0,15.915816350371681
653,512505308,2,4,0,40932,91,10.0,24.3285697822632
654,437959238,2,5,1,21692,7,79.0,20.951689520002102
655,7482932,0,6,1,24630,117,37.0,35.6818697941583
656,2828592,0,6,1,146135,30,129.0,36.667735205779834
657,919906,0,6,0,80651,4,105.0,25.70098085889261
658,1854400894,2,5,0,21089,25,73.0,23.452432535333276
659,1172602599,2,5,0,29625,44,74.0,27.839752455644053
660,2109291877,2,6,1,123348,4,53.0,15.15213750107794
661,524787140,2,4,0,22601,5,4.0,4.298888164242432
662,50003660,0,5,0,35064,116,95.0,47.622204466556894
663,449174986,0,6,1,39999,103,142.0,55.08208806965031
664,10068170,2,6,0,32825,72,0.0,18.29624080057482
665,1838190318,2,6,0,139645,57,87.0,33.790875673807506
666,28872319,0,6,0,22119,44,34.0,19.062633029245323
667,24967030,0,6,1,31941,50,30.0,19.69111850522739
668,1979294609,0,4,0,64788,47,25.0,17.704910227680948
669,15097846,0,6,0,51760,31,48.0,19.352010312305392
670,597823619,2,6,0,62429,63,58.0,28.794309563688095
671,599444777,2,5,0,40925,8,0.0,4.31454395673814
672,33343699,0,6,1,65633,106,44.0,34.93386691848113
673,4553175,2,6,0,89314,15,0.0,6.078386942953397
674,1926687,2,6,0,26309,50,30.0,19.878827621107476
675,649833,2,5,1,32702,78,27.0,25.344673919081274
676,323153,2,6,0,33240,19,52.0,17.87313789659438
677,696961866,0,5,0,30503,20,101.0,28.047162628080535
678,1903502807,2,5,1,75936,60,39.0,24.121884570044557
679,1027871419,2,6,0,365970,68,68.0,32.27635630291345
680,1181247064,2,5,1,20692,21,19.0,11.202562867099633
681,395865658,0,3,0,33703,70,4.0,17.99722666210563
682,394896783,0,6,1,30274,76,0.0,18.9350247251357
683,742365,1,6,1,1025380,84,313.0,88.04192664886725
684,321650277,2,6,1,173878,83,98.0,41.93198248661052
685,8146927,1,6,0,89869,1,0.0,2.871322358344427
686,1942864208,2,5,0,89776,122,50.0,39.821166016656605
687,66359608,0,6,0,74808,128,219.0,76.8796246966274
688,587226178,0,6,0,31348,5,163.0,38.12928876797409
689,493885362,2,6,1,62570,113,167.0,62.98465022255785
690,1241843977,2,5,0,26649,93,29.0,28.87176654272111
691,351335373,2,6,0,80311,92,59.0,35.338342943405024
692,1550656130,0,6,0,48333,213,175.0,85.88666634526001
693,1267348553,2,4,0,28570,15,52.0,16.728276986778948
694,1361858997,2,5,0,145845,100,138.0,53.86443525362969
695,9000964,2,6,1,29879,189,20.0,48.054041586894165
696,1473528,0,6,0,142038,57,0.0,14.922441335868996
697,605473,2,6,1,178854,24,0.0,8.259243091541673
698,269063537,2,6,1,144094,124,68.0,44.41061139264875
699,1801527765,0,6,1,157042,41,193.0,52.69760455323618
700,18013161,0,6,0,59652,53,115.0,38.41843872633828
701,391127091,2,5,1,48300,68,64.0,31.11456321278574
702,3802666,0,6,0,36855,66,46.0,26.469726732617133
703,1819548520,0,5,0,39915,98,52.0,34.576770628284066
704,1133258171,0,6,0,128841,94,207.0,67.02771648911194
705,592726738,0,5,0,34161,81,24.0,24.900264828143285
706,6298904,2,6,0,33673,73,113.0,42.586092192849534
707,618107325,2,5,1,116825,132,61.0,44.49693328750286
708,2084680,0,6,0,21277,1,0.0,2.4837726753671316
709,1524009,2,6,1,111850,64,162.0,51.374362009004656
710,165791010,0,6,0,41923,73,0.0,18.210182072079284
711,2006452883,2,6,1,262120,138,71.0,48.17796021166617
712,1810786106,2,6,0,50280,54,27.0,20.205629762068334
713,336442974,2,4,0,29855,81,19.0,24.027920248956143
714,1277309396,0,4,1,21731,59,65.0,28.78696075881948
715,11073,0,6,1,3469370,44,270.0,70.2169820204658
716,11073,0,6,1,3469370,44,270.0,70.2169820204658
717,1277309396,0,4,1,21731,59,65.0,28.78696075881948
718,11012265,0,5,1,36392,267,17.0,63.90381774163673
719,350832135,2,6,1,77139,115,43.0,37.0382580045035
720,1545968622,0,4,0,21807,65,53.0,27.410487931021066
721,1497089648,2,4,1,35666,127,54.0,41.61477492308488
722,1888960985,0,5,0,31251,59,91.0,34.38382080485253
723,300646326,2,6,1,176208,174,84.0,58.698992479555116
724,2042629175,1,5,0,46493,61,59.0,28.231805613433977
725,1011797664,0,6,1,93321,55,124.0,40.96001386672607
726,1329085897,2,4,0,30051,89,36.0,29.385908333809258
727,1779286757,2,4,1,21436,14,32.0,12.330896881622827
728,1584039005,0,5,0,130606,88,46.0,31.30777100592301
729,1802937912,2,4,0,30886,118,21.0,32.488046801153224
730,2140412037,2,6,0,166241,94,110.0,46.74520026707887
731,1006140314,2,6,1,383800,5,60.0,17.031539406245916
732,1775966996,1,6,0,1370908,2,52.0,14.575778561650404
733,1544125954,1,6,0,990351,2,75.0,19.425678020414068
734,36047134,0,6,1,1054794,93,288.0,84.50419726281962
735,677736203,2,5,0,50932,129,40.0,39.12457524999269
736,2634922,0,6,1,104243,96,72.0,38.797726478659676
737,21191392,2,6,0,68041,70,35.0,25.427307727289445
738,11399495,2,6,1,502664,67,66.0,31.80427926230804
739,1774062024,0,3,1,40258,145,83.0,51.24906266715
740,1674140989,2,5,0,22057,20,13.0,9.5942091789127
741,1084357932,2,5,0,37210,49,117.0,38.11817425602244
742,1486340861,2,5,1,51707,84,0.0,20.964855615625293
743,1265605287,2,5,0,49926,87,11.0,23.830562875407402
744,48330353,2,6,1,244611,57,3326.0,723.9055210953635
745,1927279531,0,6,1,133600,79,67.0,34.08119343655279
746,1344926320,2,5,0,92753,73,115.0,43.03809199406897
747,293917,2,6,1,340634,28,278.0,68.43852314377641
748,1596550204,2,5,0,38282,33,25.0,15.054462998711713
749,1250051924,2,3,0,23843,63,8.0,17.61796613878045
750,434728360,0,4,0,33809,1,0.0,2.299700830050663
751,1024165874,2,5,1,31796,1,0.0,2.880431461978644
752,549484731,0,5,1,43863,111,0.0,26.459012789281918
753,255235231,0,4,0,23196,19,0.0,6.1488120044784464
754,104138094,2,5,0,77950,78,57.0,31.742837254047373
755,1472898403,2,5,0,38608,2,73.0,18.55274343296759
756,1519134,2,5,1,26696,23,15.0,10.823032622085112
757,824967,1,6,0,34689,96,101.0,44.855580864832355
758,473513205,2,6,0,56318,8,60.0,17.2697541913045
759,2064099563,2,6,1,131610,98,52.0,35.34692734070708
760,1021433352,2,4,0,28830,42,0.0,11.512644940385501
761,291437268,2,4,0,22347,30,0.0,8.870181551789502
762,22639672,0,6,0,62862,139,194.0,73.91535326611373
763,3732720,2,6,0,37711,2,0.0,3.127193773317928
764,1678686361,2,6,1,71435,108,63.0,39.767658026869185
765,1071969272,2,3,0,20644,9,13.0,6.943212179889562
766,1490293424,2,4,0,22894,9,8.0,6.020833152118241
767,25691069,2,4,0,23330,6,14.0,6.6506818001173365
768,24003005,2,6,1,23704,7,28.0,10.229083262477264
769,172427807,0,5,1,34318,83,35.0,27.80095721680368
770,1294678093,2,5,1,133554,160,18.0,41.43414143658222
771,10850238,2,5,1,27774,15,97.0,26.559010197149156
772,1436519963,2,4,0,30587,25,6.0,9.11057788452165
773,1821601441,2,3,0,21661,72,0.0,17.852473571818688
774,2482644,0,6,1,211266,86,334.0,92.54039186558143
775,87589249,2,5,0,24406,38,0.0,10.74649022668646
776,26169852,1,6,1,22851,101,0.0,24.487549274015176
777,1087725318,0,4,1,32944,122,20.0,32.9357872288194
778,370200323,0,6,1,76565,80,167.0,55.51413019516964
779,19348040,0,6,0,27346,1,0.0,2.521665157275223
780,1999955596,1,4,0,32679,97,0.0,23.296567680261333
781,207211376,1,6,0,90653,106,0.0,25.657633940803084
782,1792034157,0,5,0,32719,67,57.0,28.884752395413273
783,546192461,2,4,0,21608,45,22.0,16.80610365321634
784,2075874,0,6,0,30439,95,41.0,31.668845473948647
785,19986917,2,4,0,28967,89,47.0,31.72336079202985
786,37756047,1,6,0,65354,79,53.0,31.038223662834227
787,1096034982,0,5,0,114071,134,245.0,83.6563310274201
788,1601895109,1,6,0,1374922,2,22.0,8.186220041590355
789,1950721001,2,6,1,71391,124,86.0,48.138564990584335
790,1116286149,2,6,0,160874,23,109.0,31.120244886059805
791,13089665,1,6,1,161005,101,55.0,36.49736779560713
792,1713770620,2,5,0,31722,163,41.0,46.644079624544986
793,96038238,2,6,1,828213,71,140.0,48.509680872645966
794,1618589648,0,4,0,20233,94,36.0,30.071175602280658
795,1589833236,2,5,0,35900,138,53.0,43.79376237874594
796,1939568047,2,5,1,38332,107,40.0,34.43066009065501
797,280135728,0,6,1,109793,74,301.0,82.808559160116
798,14198063,2,6,1,275742,174,317.0,108.39561035966125
799,2025823232,2,5,0,35001,1,0.0,2.771932918635287
800,1588646945,2,6,0,95086,84,41.0,29.793843090659788
801,25852539,0,6,1,40177,80,80.0,36.88575854570699
802,349835777,2,5,0,37990,19,8.0,8.394306815173433
803,18932485,0,6,1,40616,140,41.0,41.600399520850715
804,1200516867,2,4,0,22349,65,12.0,19.021195065303026
805,1099227208,2,4,0,22144,20,47.0,16.709803600621026
806,1778026586,0,6,1,122818,19,100.0,28.077487288427456
807,1795147802,0,6,1,94478,23,104.0,29.757874464604036
808,1669777785,0,6,1,115304,19,100.0,28.067954437062205
809,1875044092,0,6,1,76654,21,85.0,25.2453056172976
810,1811071010,0,6,1,77946,23,105.0,29.94182950529179
811,498188835,2,5,0,23839,23,14.0,10.469940804272609
812,8024660,2,5,0,93828,67,57.0,29.38383200828479
813,1842598376,2,5,0,32317,90,12.0,24.628885651668245
814,1917237530,2,4,0,29081,131,24.0,35.9389538881617
815,1199634708,2,4,0,67696,39,4.0,11.842540138316936
816,1399393991,0,5,0,35351,34,0.0,9.59443537587963
817,324897535,0,5,0,54135,106,25.0,30.60778466706749
818,1288322599,0,5,0,34533,75,69.0,33.18490027080506
819,9923775,1,6,1,186763,42,67.0,26.27277695256526
820,1281805827,1,6,0,241353,4,13.0,6.440496396534919
821,2091023367,2,4,0,20199,1,0.0,2.5619216449592224
822,1408868907,2,5,0,20839,36,30.0,16.678631808020736
823,1570624336,1,6,0,165587,18,75.0,22.627605054330893
824,2915852,2,6,1,416905,2,49.0,14.05003266221919
825,1954091502,2,5,0,28174,105,34.0,32.549169381718855
826,440738032,0,6,0,47811,34,52.0,20.84302666364669
827,2000609327,2,6,0,65003,46,41.0,21.490410493950492
828,2132180406,0,6,0,197707,64,5.0,17.556375753772887
829,1309996332,2,6,1,188904,52,84.0,32.23549812850205
830,632171719,0,5,0,30515,58,58.0,27.134222020391768
831,8923428,2,5,0,76021,65,33.0,23.806053499430355
832,26413405,2,6,0,72397,46,9.0,14.690677941298732
833,1084222017,0,6,0,70664,26,25.0,13.41501942079217
834,1217057066,0,6,0,224451,4,8.0,5.194533317629848
835,23263470,2,5,1,28332,58,60.0,28.0120138252179
836,419220,1,6,1,1535097,131,1636.0,380.1008597235076
837,8828904,2,6,0,29573,58,6.0,16.520487176343416
838,389088,1,6,1,1473088,62,386.0,98.87163358678819
839,1908273021,2,6,0,31673,21,31.0,13.826846199149504
840,2073012767,0,6,1,197289,28,10.0,10.932056165607126
841,1116072703,1,6,0,86218,64,47.0,26.54705977198525
842,1141334416,2,6,1,140992,57,42.0,24.330325222954464
843,1661638690,2,3,0,21129,11,6.0,5.889718669295442
844,1845920872,0,3,0,59115,6,8.0,5.046073236722879
845,88271743,0,5,0,26593,59,42.0,23.922448898638685
846,1210816252,0,5,0,90909,30,36.0,16.537059757059975
847,1960682407,2,5,0,37860,29,13.0,11.62878921413926
848,1447574,2,6,1,1162949,3,181.0,42.537936906343326
849,5055,0,6,1,1275372,31,290.0,71.50487101726755
850,1294973752,2,3,0,52198,44,27.0,17.66028271830303
851,3460000000000000,2,4,0,25789,16,0.0,5.853813201834116
852,1495003,2,6,0,218140,50,66.0,27.866226742959892
853,3461578781362270,2,5,0,27569,19,0.0,6.641891532039645
854,2081318489,2,5,0,30022,33,18.0,13.526762544508237
855,3461576189282320,2,5,0,32667,14,0.0,5.582512221625139
856,49922172,2,6,1,174649,18,66.0,21.011650562196692
857,1739085910,2,5,0,37390,39,22.0,15.713902943763644
858,1160514215,0,5,0,41293,31,11.0,11.309895689231817
859,3461566332668660,2,5,0,68888,8,0.0,4.393175828732776
860,3461564369733700,2,4,0,34028,69,0.0,17.396675788108464
861,2095436931,0,4,0,21022,36,0.0,9.82295204289488
862,240336348,2,5,0,28680,31,86.0,27.569857249501744
863,8093066,2,5,0,32421,21,31.0,13.703370807635663
864,1491996,2,6,1,133687,28,69.0,23.780291735388598
865,8353198,0,6,1,212282,15,195.0,47.52711629962084
866,1694610556,2,3,0,35882,10,20.0,8.734686649452879
867,1184238527,2,6,0,379821,17,42.0,15.676965760581718
868,1427895,2,6,1,254544,17,442.0,100.9395315771948
869,1071704988,2,4,0,31751,14,0.0,5.451217604483064
870,501218873,0,4,0,34842,18,25.0,11.318245404024616
871,3493081923979260,2,3,0,31808,12,0.0,4.890488439527902
872,3493083832388390,2,2,0,35977,3,0.0,2.829085903780305
873,3493089056394210,2,5,0,32667,25,0.0,7.9695122216251395
874,3461570239662260,2,3,0,24996,15,0.0,5.505097134748395
875,29243543,1,3,0,30712,2,0.0,2.545193719238776
876,670725269,0,4,0,32300,2,62.0,15.715806198890823
877,518490855,2,3,0,42739,2,61.0,15.758092936828339
878,24924516,0,5,0,27178,1,23.0,7.292734628323547
