mid,video_num
2091254050,0
1868519688,0
1827176970,0
1768094747,0
1758083950,0
1749672325,0
1733970192,0
1552488849,0
1423811116,0
1357287708,0
1226750038,0
1202562007,0
1186805690,0
1153283989,0
1115540220,0
1072466146,0
1021344512,0
651402196,0
628424262,0
622383747,0
603372954,0
519664663,0
516481950,0
495899901,0
495707763,0
492449182,0
481271274,0
444820511,0
439546360,0
436809386,0
431272599,0
430774867,0
427469551,0
415439089,0
409854651,0
394496793,0
383144746,0
369349661,0
356333940,0
342193167,0
325907302,0
259279517,0
153373112,0
104602477,0
96230774,0
77575804,0
62879006,0
51760697,0
50731137,0
50729578,0
45336140,0
43187576,0
36403332,0
31342415,0
28094172,0
27217748,0
26945150,0
24295259,0
20646249,0
18275424,0
17806540,0
16223898,0
9224445,0
8750978,0
5683525,0
4689550,0
4365283,0
4210335,0
2445421,0
1483670,0
559863,0
513913,0
373263,0
80656,0
37328,0
1927633577,1
1731746796,1
1312934431,1
674955196,1
667290196,1
612865344,1
612700521,1
484193653,1
441377278,1
393595532,1
378963786,1
361916885,1
352043345,1
349594581,1
283509107,1
272983835,1
158146362,1
124553204,1
111277714,1
52685828,1
26398020,1
14983733,1
13496620,1
13043029,1
9561918,1
8384331,1
8363141,1
7805371,1
7618327,1
5144535,1
4907624,1
4856757,1
4568261,1
4163644,1
3933515,1
3921433,1
3358737,1
1484320,1
1319467,1
681892,1
451793,1
189745,1
693,1
2115613286,2
2005932785,2
1914655751,2
1567721686,2
1373752236,2
1326080431,2
1284818028,2
1239402550,2
1157885046,2
638467578,2
588631324,2
498531795,2
473214533,2
408734939,2
395840287,2
259210907,2
128976078,2
100910905,2
65717712,2
43651295,2
35028769,2
29919485,2
29530957,2
24339322,2
22717000,2
20600085,2
19721846,2
12164435,2
11300631,2
5696525,2
5603756,2
4290020,2
3142221,2
1791514,2
1758397,2
1482424,2
916984,2
672507,2
400605,2
386908,2
2099399911,3
2045507518,3
1786445174,3
1757495735,3
1533049018,3
1337993096,3
1330354774,3
1253390522,3
1011812576,3
640418942,3
601557682,3
521537808,3
500451641,3
381257126,3
357672624,3
221039280,3
107433129,3
104345729,3
88163149,3
77817759,3
63038006,3
59403044,3
44128967,3
36648204,3
34528147,3
34199397,3
34099792,3
22156788,3
13896589,3
11567043,3
8232502,3
6409644,3
6268594,3
5914640,3
3592916,3
3340395,3
2522465,3
1800010,3
834903,3
795926,3
524816,3
406987,3
301026,3
229697,3
49474,3
7595,3
2032993361,4
1968342232,4
1536735500,4
1501875279,4
1492229330,4
1363865784,4
1357409459,4
1354106821,4
1342629484,4
1329861887,4
1199634708,4
669275668,4
634883736,4
592507317,4
524787140,4
522045311,4
516468065,4
498535110,4
491845087,4
483771934,4
454218588,4
444015421,4
418158697,4
399923919,4
395865658,4
377711190,4
348803902,4
304002706,4
290708108,4
265615931,4
243702102,4
168130052,4
163745074,4
38306163,4
34237849,4
25395147,4
24990697,4
22296560,4
14003142,4
13670449,4
6734445,4
927813,4
727109,4
543748,4
509372,4
212553,4
205059,4
124177,4
2132180406,5
2107426014,5
2035244864,5
1978455467,5
1934440235,5
1895255207,5
1683039418,5
1676372882,5
1536225244,5
1343252680,5
1010093017,5
686665614,5
629113175,5
620049604,5
549288373,5
486989682,5
478502198,5
470576672,5
284453783,5
109381959,5
102819798,5
84066005,5
75094637,5
52859361,5
24106619,5
21151384,5
19488841,5
19189768,5
9881774,5
9825449,5
7677170,5
6789240,5
6759757,5
6188267,5
5868110,5
4929299,5
3785899,5
3393365,5
2766325,5
2192963,5
1548911,5
2112973233,6
2110481733,6
1957582635,6
1885522479,6
1840042245,6
1838048702,6
1716461200,6
1666306454,6
1661638690,6
1652030487,6
1501145142,6
1439135088,6
1436519963,6
1357988245,6
1051654586,6
1026919409,6
609100583,6
432765966,6
340345723,6
310728619,6
267439469,6
195742895,6
156986660,6
145998448,6
87692438,6
85445905,6
43854370,6
43403127,6
34135251,6
30507713,6
18148734,6
14829832,6
14485806,6
12065970,6
11349313,6
8964888,6
8828904,6
8314767,6
8101450,6
7965916,6
6118206,6
5701677,6
3663671,6
2592429,6
2201615,6
793061,6
574400,6
199915,6
30340,6
1920016963,7
1919353617,7
1742274827,7
1636321253,7
1570795034,7
1468306600,7
1305578223,7
1292417066,7
1288036991,7
1138231312,7
1111372327,7
1097496558,7
1055945681,7
692611676,7
623039484,7
546968968,7
503820721,7
499255060,7
410689349,7
384742859,7
381450932,7
327549355,7
287139378,7
95334691,7
82859591,7
37896248,7
33176403,7
22782703,7
20674351,7
17977334,7
16178461,7
13408419,7
13201098,7
9232442,7
7684135,7
6074208,7
5570510,7
2565338,7
1514835,7
905594,7
2126709029,8
2000676519,8
1951478555,8
1911892723,8
1845920872,8
1813355484,8
1782342595,8
1749603010,8
1677271465,8
1640010859,8
1609920889,8
1490293424,8
1451797925,8
1253998528,8
1250051924,8
1217057066,8
1211921847,8
1071993421,8
1040909140,8
1017254472,8
1005457213,8
679127344,8
662164326,8
599254182,8
529341976,8
516543529,8
474001777,8
425623653,8
372720733,8
349835777,8
343726658,8
238242280,8
108465779,8
106153312,8
65566781,8
35506793,8
32839394,8
32199222,8
27682625,8
22943325,8
20236220,8
18796087,8
17981588,8
16649310,8
13740989,8
11836162,8
8311201,8
5749332,8
3542902,8
3511516,8
2041352,8
1744076,8
1629232,8
1518831,8
915387,8
1821760400,9
1631958191,9
1514351646,9
1494109995,9
1483693028,9
1476883988,9
1475289063,9
1462391335,9
1296113267,9
1283985270,9
1273319763,9
1242456361,9
1126480831,9
652495460,9
636493549,9
629350367,9
476605952,9
395426377,9
320225995,9
229141273,9
33419912,9
31346060,9
27901028,9
26413405,9
23360330,9
22792002,9
17511965,9
6276160,9
5408879,9
4527585,9
2996709,9
2599310,9
515455,9
269918,9
2082574877,10
2073012767,10
2059201075,10
1908808301,10
1865655717,10
1845878016,10
1575858025,10
1535788044,10
1468007004,10
1382440234,10
1048674855,10
1034537291,10
669374700,10
629694393,10
545143565,10
525850968,10
512505308,10
472712134,10
435539662,10
411812743,10
402830371,10
248109460,10
129946331,10
48044886,10
32155552,10
31093572,10
24461773,10
19351697,10
14980676,10
12587793,10
6975419,10
3242119,10
2325511,10
744031,10
639235,10
571454,10
504473,10
455794,10
281680,10
23385,10
2132912895,11
2005402750,11
1784943007,11
1724942440,11
1683159082,11
1484549793,11
1463794242,11
1442355434,11
1401112858,11
1265605287,11
1252992677,11
1249759353,11
1160514215,11
1117904095,11
1094889067,11
1059724449,11
1040604211,11
667526012,11
616152518,11
498231490,11
489360804,11
434103940,11
393004195,11
389696946,11
106369383,11
106348951,11
82803440,11
27193710,11
25193913,11
22253179,11
11617542,11
11203281,11
9354907,11
8704649,11
8247516,11
5430004,11
3742241,11
3072262,11
2933593,11
2493761,11
2277475,11
1631724,11
257319,11
126676,11
118058,11
2129926005,12
2115413637,12
2064389464,12
2034172427,12
1964786482,12
1842598376,12
1762258446,12
1742355199,12
1715569439,12
1641265464,12
1253510454,12
1200516867,12
650592442,12
570296693,12
526076641,12
481447539,12
479193165,12
475348474,12
441403698,12
439074441,12
432194062,12
429502211,12
148885908,12
136322951,12
108507415,12
105295579,12
98780343,12
84127823,12
79169021,12
65714241,12
24569235,12
17967817,12
15522877,12
14931184,12
12127504,12
11919885,12
9983449,12
8084810,12
6483250,12
5970661,12
5221160,12
3523971,12
1646746,12
1602085,12
1518059,12
879478,12
529865,12
351007,12
1999738104,13
1960682407,13
1870142497,13
1844336971,13
1826989306,13
1710581961,13
1695304985,13
1674140989,13
1557142458,13
1411553322,13
1281805827,13
1269219413,13
1132450186,13
1102958400,13
1071969272,13
702773222,13
677977564,13
667037266,13
528497581,13
515744269,13
511309446,13
477904396,13
278406849,13
174211723,13
124060945,13
92610220,13
39964093,13
39488452,13
38728593,13
28205705,13
22089831,13
20875904,13
17907167,13
16534961,13
15597980,13
14493990,13
11779171,13
11500298,13
11013822,13
4447907,13
3234445,13
3179089,13
3022597,13
2002793,13
107600,13
2059243146,14
1952756215,14
1918837081,14
1854569186,14
1820024161,14
1724856393,14
1635441928,14
1621882754,14
1569389574,14
1517067289,14
1472362579,14
1458295838,14
1229661745,14
1155161027,14
1120544917,14
1055047413,14
1010318732,14
498188835,14
472056419,14
389891666,14
384085516,14
342872383,14
334537711,14
327334535,14
178357118,14
110725714,14
93962177,14
58789280,14
45519311,14
29488539,14
25691069,14
25487242,14
21292023,14
21025175,14
14041583,14
12602690,14
12411592,14
11909915,14
7840430,14
7701793,14
7418277,14
3232485,14
2044905,14
173247,14
161803,14
36677,14
2079522008,15
1993694809,15
1699152346,15
1687766935,15
1674242827,15
1604544950,15
1566652449,15
1420419918,15
1320742569,15
1239518334,15
1027581210,15
1026591550,15
1004127267,15
679318148,15
650262353,15
623161468,15
475052410,15
383388032,15
302199093,15
297293105,15
258592987,15
172015294,15
81441759,15
64836051,15
29002992,15
14977446,15
13676468,15
11537944,15
9312446,15
8217442,15
8198901,15
6193767,15
4235319,15
3188835,15
3027110,15
2115078,15
1716560,15
1519134,15
863287,15
2069799757,16
1953558829,16
1707853573,16
1511924791,16
1251806725,16
1224830833,16
702411002,16
558984017,16
520424576,16
507793429,16
500289236,16
493252584,16
489772340,16
477679591,16
441519110,16
261737865,16
249348093,16
195670272,16
51457065,16
25397402,16
24461374,16
20873473,16
13178002,16
12349444,16
10675863,16
7922204,16
7794347,16
5870649,16
5866210,16
4071581,16
1782710,16
823798,16
612271,16
572274,16
402326,16
342214,16
214029,16
2111549706,17
1890662098,17
1709066906,17
1648836961,17
1612858588,17
1577293636,17
1531227247,17
1381403831,17
1262316876,17
1254658605,17
1185495353,17
1039584302,17
1037615578,17
504460731,17
502843089,17
482318682,17
474767851,17
424729808,17
410520501,17
356651009,17
283260822,17
73857541,17
35819875,17
25032753,17
11605092,17
11012265,17
5788217,17
4201037,17
3328498,17
3204673,17
2427071,17
2369483,17
1583472,17
675652,17
2081318489,18
1802508747,18
1632064048,18
1566352490,18
1548880519,18
1459446062,18
1386205390,18
1294678093,18
1186762218,18
1048095329,18
666946916,18
550655637,18
514600263,18
394760624,18
377042295,18
350764795,18
347784817,18
313064642,18
271887040,18
187907182,18
98874115,18
94375859,18
51234175,18
34275382,18
32926827,18
32096754,18
21685335,18
9847819,18
9311399,18
8429488,18
2846912,18
2061306,18
1516083,18
198507,18
2136901507,19
2103339232,19
2005590425,19
1874964584,19
1829051701,19
1741307981,19
1715364989,19
1637486568,19
1619878166,19
1611629135,19
1533569609,19
1518296186,19
1489920584,19
1441210790,19
1311405530,19
1227964496,19
1181247064,19
699094856,19
690608692,19
596433669,19
436305812,19
412630000,19
403880852,19
396466366,19
381475604,19
348677594,19
342260186,19
336442974,19
109834414,19
95061837,19
19218934,19
16955731,19
15384077,19
12348381,19
11794236,19
10742948,19
8446999,19
5341246,19
5320543,19
3478945,19
2997958,19
2474047,19
2416879,19
1369729,19
1369596,19
797356,19
425286,19
178645,19
150388,19
2080041576,20
2004980155,20
1970153302,20
1858271923,20
1826309835,20
1704351924,20
1694610556,20
1692720413,20
1630494154,20
1568890789,20
1369650463,20
1267463286,20
1219505772,20
1087725318,20
1085546349,20
702355574,20
690291069,20
628061724,20
626934757,20
560668404,20
535828322,20
498263161,20
435403748,20
435201473,20
401090202,20
393885664,20
383994444,20
353016112,20
87429152,20
43156010,20
20098960,20
17059522,20
14407544,20
14131991,20
12678325,20
9528430,20
9000964,20
8212351,20
7033997,20
6168451,20
5971153,20
4405549,20
3946421,20
2945435,20
663030,20
126401,20
2022787460,21
1907738575,21
1802937912,21
1648978526,21
1620923329,21
1428975974,21
1307325151,21
1147353799,21
1098845992,21
611116531,21
559908566,21
416231451,21
128912828,21
69229475,21
46358031,21
32589074,21
24293396,21
13684315,21
11717971,21
9264492,21
7375144,21
4932862,21
3415362,21
3338927,21
3209150,21
2387669,21
2202922,21
1682261,21
821499,21
2129498611,22
2053456684,22
1943499143,22
1931030982,22
1874807146,22
1803585918,22
1766160737,22
1739085910,22
1731037094,22
1727965578,22
1662679564,22
1601895109,22
1569210258,22
1381622782,22
1377219279,22
1281818069,22
1104048496,22
1100868441,22
702843929,22
546192461,22
504674421,22
484947299,22
481966745,22
406861467,22
385331112,22
375808112,22
346381116,22
323255389,22
268116282,22
29032319,22
14881818,22
13101068,22
11431931,22
10632947,22
5430002,22
4718716,22
3337432,22
3280205,22
2971374,22
1850809,22
1817276,22
860774,22
848398,22
147297,22
29080,22
2110900767,23
2049968320,23
2000244836,23
1929855385,23
1886584783,23
1652576593,23
1522046925,23
1521875866,23
1489184103,23
1308965231,23
614258400,23
492921093,23
488836173,23
457061412,23
456514587,23
437044819,23
383784478,23
358569407,23
286914392,23
272705818,23
89253253,23
33801277,23
27177244,23
24924516,23
19872419,23
17725484,23
13206531,23
13158687,23
11771366,23
9969774,23
4734101,23
3057684,23
2996496,23
2972199,23
2284443,23
1929287,23
1780645,23
2144805585,24
1917237530,24
1701192807,24
1426714555,24
1084472933,24
674228183,24
592726738,24
483430868,24
449104879,24
367896833,24
366525894,24
220293909,24
67524738,24
54302078,24
40836269,24
8979548,24
7209795,24
6930077,24
6595843,24
4211156,24
3102590,24
2790405,24
1506609,24
1479945,24
625978,24
430589,24
2045277190,25
1979294609,25
1680630163,25
1596550204,25
1560641990,25
1269309692,25
1231188121,25
1084222017,25
692992615,25
667097486,25
501218873,25
411861391,25
392380092,25
359082596,25
351856931,25
324897535,25
255593788,25
247586004,25
229874516,25
180247922,25
174676055,25
118754720,25
30791929,25
22612759,25
17476582,25
10847989,25
6223905,25
2866258,25
687304,25
493539,25
2011200445,26
2005024168,26
1543083238,26
1436878388,26
1402290747,26
1220317431,26
612321074,26
565227904,26
488288502,26
427903198,26
323065306,26
161287332,26
125812535,26
24892260,26
21374533,26
13951530,26
13226045,26
11515052,26
9066351,26
8646769,26
7912791,26
4613840,26
2519929,26
1480838,26
1464586,26
1344144,26
926620,26
893750,26
780791,26
514073,26
511017,26
501280,26
424005,26
124703,26
62359,26
2123801125,27
2093872604,27
2072052979,27
1999095012,27
1936358544,27
1834090921,27
1810786106,27
1704076207,27
1294973752,27
1225040494,27
1224950348,27
1216158888,27
1087714512,27
690608714,27
674839637,27
629814419,27
604197572,27
568209135,27
523968439,27
427275473,27
398046086,27
394877484,27
380132653,27
39743256,27
38808836,27
33708487,27
20649174,27
19076344,27
2241833,27
2231439,27
1969028,27
649833,27
2067739276,28
1780983970,28
1710146343,28
1523315824,28
1419971617,28
1144478480,28
670473494,28
563126727,28
513183186,28
472848826,28
341122517,28
324884920,28
96975902,28
50635063,28
24003005,28
19950322,28
7564991,28
4637750,28
4592453,28
1721774,28
411016,28
343490,28
327993,28
2108754496,29
1986925924,29
1881110844,29
1705007318,29
1688076885,29
1602464609,29
1313300815,29
1263525525,29
1241843977,29
1152597935,29
1114539017,29
1034105844,29
612658912,29
429964467,29
413107335,29
379251305,29
364728311,29
297361951,29
164867520,29
94363275,29
51269394,29
43679276,29
39196585,29
17799504,29
16907771,29
16485175,29
12634911,29
8702159,29
8221825,29
6406913,29
6102740,29
3585860,29
3259819,29
3016287,29
2128800,29
1484324,29
736584,29
2022864237,30
1993395129,30
1408868907,30
1395549000,30
1328664579,30
1160825658,30
688492564,30
662777221,30
630559288,30
565286306,30
529107543,30
521287997,30
433189681,30
429866241,30
350286202,30
294154743,30
24967030,30
19486158,30
1947434,30
1926687,30
1700332,30
574322,30
214832,30
213647,30
7239,30
1398,30
1908273021,31
1880226316,31
1815640545,31
1795366254,31
1710361170,31
1520905828,31
1422240684,31
1389464337,31
1355412269,31
1222755399,31
609570409,31
582225536,31
524279657,31
492472287,31
491652986,31
364519161,31
197621852,31
94126049,31
90820845,31
80630492,31
79415186,31
23105244,31
22081435,31
13856460,31
10205731,31
8093066,31
4406831,31
4365322,31
3324664,31
3265126,31
2315247,31
1563548,31
752015,31
298217,31
2119815078,32
1898580542,32
1840878197,32
1779286757,32
1605972301,32
1436893874,32
1434027068,32
1274610906,32
1265380228,32
1262608078,32
1097060010,32
686979207,32
647332642,32
583235899,32
490794838,32
488744718,32
378606811,32
348878854,32
242067082,32
237140787,32
134637395,32
81534454,32
27697073,32
27554691,32
23100916,32
20675652,32
15299208,32
12706482,32
10759587,32
9361427,32
7238137,32
4968023,32
4697767,32
772698,32
648053,32
170484,32
40513,32
2018113152,33
1951760606,33
1863822023,33
1657741341,33
1575790132,33
1360561961,33
1306091103,33
1129417147,33
672455305,33
612560157,33
519445886,33
482480476,33
471934420,33
314513297,33
313248263,33
238742575,33
233299554,33
207429670,33
125964693,33
22092066,33
13151907,33
13014543,33
12093303,33
10276136,33
8923428,33
7340453,33
1566230,33
1298993,33
679945,33
488085,33
2060740799,34
1970998002,34
1962374457,34
1954091502,34
1376650682,34
1221600493,34
1129115529,34
1070397650,34
670129669,34
321515030,34
96264399,34
36450968,34
33780565,34
28872319,34
12120515,34
7524760,34
6783704,34
3303103,34
2048677,34
446536,34
443287,34
298523,34
2133610663,35
2115139772,35
2058194452,35
1771138364,35
1330766232,35
699327470,35
694914748,35
669045252,35
521137269,35
520776389,35
364670866,35
289347107,35
172427807,35
71657517,35
65463088,35
27632493,35
22420295,35
21191392,35
14123818,35
4652433,35
3060972,35
2424614,35
1485569,35
554576,35
385167,35
1979535505,36
1848290057,36
1825301994,36
1785908279,36
1712293375,36
1618589648,36
1477351728,36
1348728457,36
1329085897,36
1241565217,36
1210816252,36
1033698887,36
698585219,36
687730248,36
620770508,36
515053790,36
482303454,36
324607600,36
258875006,36
22470348,36
14150553,36
11181582,36
4254032,36
3244791,36
2505240,36
2309276,36
2006574783,37
1958703906,37
1822027685,37
1816653243,37
1706304861,37
1430541064,37
1410055126,37
1285890335,37
1156637837,37
1091531216,37
527004636,37
473708883,37
443940499,37
388092833,37
318981218,37
44237258,37
12960120,37
8292054,37
7482932,37
7360754,37
4249389,37
2240157,37
542746,37
441569,37
391753,37
2066224812,38
1609261349,38
1453221585,38
1308913495,38
1123156073,38
1084324803,38
632368824,38
589130737,38
516773400,38
456749835,38
394214997,38
385042281,38
384941915,38
303246676,38
230927369,38
150123190,38
109564538,38
54393198,38
42770455,38
31803247,38
15341371,38
12752343,38
12548532,38
7016631,38
6699767,38
5887731,38
5816642,38
4971404,38
2523666,38
475570,38
368097,38
2114905950,39
2078225540,39
1903502807,39
1865791469,39
1408772106,39
1324211803,39
1322881625,39
1308967115,39
476903292,39
381439252,39
323774877,39
321059359,39
84520595,39
65568410,39
40741210,39
34063004,39
25050531,39
21882176,39
14045966,39
11512994,39
8034132,39
4053453,39
2294686,39
1889516,39
1753451,39
1728950,39
90873,39
2072717192,40
1939568047,40
1921596130,40
1849519124,40
1472906636,40
1356474660,40
690608690,40
677736203,40
516678537,40
477597410,40
441315555,40
431493530,40
295047677,40
99603384,40
96457812,40
12918458,40
8435856,40
4718291,40
4365978,40
2702600,40
2239559,40
2229195,40
1308393,40
2139886807,41
2000609327,41
1802654492,41
1745191666,41
1713770620,41
1588646945,41
1485277312,41
1061694607,41
690030493,41
556027338,41
438756539,41
249684302,41
39876273,41
19147010,41
18932485,41
17683304,41
8760033,41
2750975,41
2075874,41
864045,41
1923344666,42
1723206278,42
1435332583,42
1302129189,42
1184238527,42
1155425566,42
1141334416,42
558070435,42
499276043,42
430828121,42
165643613,42
130016056,42
88271743,42
35727599,42
34785075,42
18362166,42
17850535,42
16965625,42
9962651,42
755641,42
598578,42
2100944625,43
2036015357,43
2022031253,43
1809810330,43
1723100461,43
1636421096,43
1528953296,43
1461919177,43
1063487269,43
690608695,43
604738184,43
503622929,43
350832135,43
319975083,43
181998984,43
62312879,43
36996701,43
32242019,43
22547074,43
18070579,43
11659353,43
11222009,43
10510808,43
7495405,43
5742946,43
4131251,43
3914363,43
1742630,43
1547718,43
278296,43
1661917600,44
1651474144,44
1556629067,44
1263118823,44
524575529,44
500762399,44
424592055,44
398402288,44
50754735,44
37170037,44
33343699,44
22837810,44
12768031,44
12580217,44
7498906,44
3049402,44
906279,44
429075,44
428523,44
352332,44
1483935022,45
1471298380,45
1353152128,45
1279798292,45
1258178536,45
690608710,45
542341668,45
470085432,45
358336849,45
255168680,45
176234825,45
169409674,45
23120066,45
21203842,45
14897804,45
12261171,45
7309773,45
406135,45
2126507529,46
2113007488,46
1968726571,46
1598050030,46
1584039005,46
1573017790,46
1422451239,46
690608711,46
666726803,46
660912261,46
558070436,46
441606900,46
434319922,46
430328256,46
385160231,46
373854628,46
275529510,46
209306657,46
28821597,46
19612544,46
17992194,46
12348934,46
8772820,46
7664000,46
7591465,46
3802666,46
2847434,46
2084828421,47
2009235986,47
1927037753,47
1736214473,47
1623513461,47
1300421811,47
1180963055,47
1177051282,47
1116072703,47
1099227208,47
544597576,47
509050400,47
481694509,47
480820393,47
438777818,47
436749840,47
399366198,47
259285720,47
146977967,47
125694602,47
85439564,47
19986917,47
12867370,47
11693346,47
11362225,47
10351999,47
9700000,47
9347814,47
8718389,47
7652319,47
136107,47
1865376713,48
703068520,48
697737710,48
650573749,48
484451346,48
451025339,48
435858133,48
374017536,48
58226190,48
38286918,48
29866854,48
28343084,48
15097846,48
13954468,48
12450452,48
6455916,48
5860011,48
2055691,48
632960,48
490700,48
372936,48
1172063310,49
636674318,49
505814286,49
505183397,49
503441693,49
474103425,49
341688520,49
180177570,49
160526160,49
75767058,49
20946335,49
12862137,49
10591930,49
7380366,49
7033120,49
6708494,49
3951862,49
2915852,49
2037141,49
1809637,49
895536,49
588034,49
1942864208,50
1674274422,50
667042223,50
160024260,50
97007897,50
57871034,50
25415856,50
16217876,50
6481343,50
2989080,50
2096422,50
41806,50
1795716989,51
1263271233,51
1257095895,51
690608694,51
674084328,51
648809981,51
612823436,51
593793031,51
547498202,51
407963172,51
397244810,51
390043592,51
33031951,51
27735697,51
17832530,51
17794913,51
16409654,51
9556654,51
4339573,51
3774410,51
2809226,51
2141162,51
487902,51
2111566071,52
2064099563,52
1819548520,52
1775966996,52
1315870194,52
1267348553,52
1209958561,52
569192826,52
504062903,52
440738032,52
432253466,52
297972069,52
231881947,52
176528442,52
132834024,52
82343185,52
12823143,52
5453827,52
926723,52
323153,52
2109291877,53
1589833236,53
1545968622,53
1212701254,53
416203727,53
390647282,53
145279034,53
70606554,53
37756047,53
34522499,53
12070947,53
6365248,53
6189012,53
5331818,53
4242014,53
4013175,53
3287291,53
2182817,53
731556,53
554883,53
484055,53
140543,53
1827016353,54
1497089648,54
599505098,54
562935153,54
487425423,54
443039029,54
85816940,54
51299730,54
1283658,54
734133,54
542498,54
2051555906,55
1952914799,55
1943729690,55
1869949659,55
1428441528,55
689274741,55
688335924,55
394688237,55
350838179,55
155957707,55
82717585,55
66669754,55
36322249,55
32518773,55
28677456,55
20272422,55
13920382,55
13089665,55
7391608,55
5005968,55
4943067,55
589185,55
521885,55
106415,55
1573437898,56
1394160176,56
1359460505,56
1270402498,56
1164975438,56
1030723991,56
526071118,56
525299904,56
401979257,56
40796901,56
27176897,56
8230334,56
3268143,56
2386343,56
2005546384,57
1980588332,57
1863644136,57
1792034157,57
1466592156,57
1372675026,57
549256707,57
523866328,57
499713932,57
493083336,57
356395260,57
294025534,57
171272634,57
165421379,57
104138094,57
86722859,57
58353598,57
48217254,57
33887063,57
33775994,57
17576229,57
12945093,57
8024660,57
1881866,57
398431,57
1553780731,58
1502895122,58
1222026215,58
1112031857,58
632171719,58
597823619,58
557080920,58
442191864,58
438848253,58
331249454,58
189654435,58
105167515,58
36265198,58
23943594,58
22411036,58
20558903,58
14427356,58
10726207,58
5467364,58
2361123,58
1743015,58
261325,58
166617,58
2042629175,59
1634413860,59
1062342323,59
589351234,59
351335373,59
144984743,59
32906095,59
29371864,59
17479767,59
14675261,59
13552255,59
12431536,59
12344466,59
7714504,59
1934292,59
1662426,59
1792461375,60
1420890712,60
1382719257,60
1145291829,60
1006140314,60
666726800,60
551527845,60
488082206,60
473513205,60
396463331,60
188888131,60
47831360,60
41160587,60
26541399,60
23263470,60
17391103,60
14868240,60
13630808,60
10369514,60
6251904,60
4378782,60
2284456,60
1284680,60
770719,60
1824597784,61
1658766768,61
1439938649,61
1035652768,61
618107325,61
521950190,61
518490855,61
485231759,61
470473531,61
429983758,61
350754158,61
296880903,61
15225468,61
8978401,61
3068376,61
1736210,61
867152,61
589181,61
1899392933,62
1730842065,62
1340967709,62
1202416628,62
670725269,62
93893014,62
74186521,62
12588077,62
8558528,62
8078438,62
5005356,62
4870889,62
3189048,62
1760361,62
1516482,62
2143967328,63
1678686361,63
1484169431,63
1027973491,63
652298653,63
589799673,63
430219038,63
121107598,63
48732146,63
21911535,63
18808866,63
5963844,63
5482095,63
2930964,63
1641117,63
839059,63
117906,63
2080453815,64
1880188304,64
1652111117,64
1585307828,64
1238492302,64
1230463982,64
1098488751,64
703007996,64
626405217,64
606293627,64
591843065,64
391127091,64
100407541,64
49142760,64
27897339,64
4997542,64
4637682,64
147688,64
1277309396,65
692437895,65
475656353,65
473967891,65
398655122,65
285763930,65
20966016,65
16929267,65
14200670,65
13838369,65
9293142,65
1788955,65
1598199,65
370515,65
13475,65
1964304376,66
1789113291,66
1531735495,66
690608702,66
674539396,66
668648017,66
629586440,66
486364707,66
480918808,66
396001169,66
176836079,66
173435110,66
142527799,66
107151862,66
49922172,66
39952788,66
35749736,66
30688252,66
12939237,66
11399495,66
9418083,66
3614240,66
1495003,66
52522,66
1927279531,67
1657906522,67
1296133469,67
703055595,67
601481495,67
474200495,67
21682845,67
9923775,67
9111939,67
8039394,67
7780379,67
2960092,67
2867683,67
2740798,67
2393138,67
1333101968,68
1027871419,68
510189715,68
410124536,68
398302256,68
269063537,68
261648990,68
74130542,68
47868246,68
41654706,68
18018364,68
5628025,68
4832930,68
3672017,68
3006717,68
1967619,68
2005690250,69
1849006220,69
1288322599,69
1231880683,69
642391225,69
595407557,69
503026492,69
435243735,69
230437990,69
76080175,69
66733002,69
17364887,69
10053777,69
9667357,69
4425196,69
3409997,69
3215962,69
1491996,69
801836,69
690608687,70
519186734,70
178464220,70
57119113,70
31909735,70
14352053,70
8571340,70
4727663,70
2006452883,71
1931763107,71
1292049379,71
1051422690,71
1041786022,71
698168210,71
550457147,71
526225523,71
91915017,71
42407494,71
15811099,71
3333821,71
2028757342,72
1236638112,72
591892279,72
351782431,72
56546937,72
32946464,72
10255309,72
4516245,72
3301695,72
2634922,72
1330426,72
310941,72
1854400894,73
1472898403,73
1405589619,73
1129165390,73
690608689,73
560887630,73
531329531,73
431311100,73
430091486,73
131347356,73
25933381,73
16405753,73
6915333,73
3432647,73
535848,73
1644476000,74
1394476714,74
1172602599,74
1025491703,74
698524795,74
574317507,74
514665245,74
442769447,74
24626465,74
11416708,74
1278545,74
2008705943,75
1968783589,75
1874711872,75
1570624336,75
1544125954,75
690608709,75
504140200,75
345648420,75
26087398,75
8628040,75
4482037,75
820535,75
651649,75
109798,75
2052064438,76
1575399192,76
690608691,76
515587396,76
476725595,76
257492,76
204965,76
1535525542,77
1289581866,77
1287031552,77
1152334866,77
676656809,77
472360498,77
218972880,77
74110502,77
49584022,77
35231887,77
4622813,77
2899681,77
666953,77
210628,77
1513469779,78
1404424740,78
44062985,78
30527188,78
12272233,78
3345849,78
3070918,78
1996131,78
1880355910,79
1846208014,79
1703797642,79
437959238,79
230487728,79
174589427,79
10293305,79
9411611,79
2650919,79
686340,79
662172,79
1829633422,80
1493178194,80
1437582453,80
1077738277,80
492724746,80
32724937,80
25852539,80
4675985,80
854442,80
1988157612,81
1682889553,81
474593911,81
470992099,81
46225073,81
23279074,81
3570093,81
2228208,81
835644,81
1086330105,82
690608712,82
525978277,82
6141432,82
4709498,82
4322043,82
4176573,82
1530836,82
2114332408,83
1788955114,83
1774062024,83
1244296084,83
1095803401,83
690608688,83
663577831,83
558070434,83
297137461,83
282875499,83
220685927,83
77273672,83
10053157,83
907303,83
1483031639,84
1309996332,84
666726794,84
510100897,84
300646326,84
25644004,84
3107400,84
1875044092,85
1369335586,85
1252264991,85
612120404,85
381861978,85
283886865,85
41461068,85
3816747,85
1827106,85
1802392,85
764750,85
1950721001,86
1734677911,86
1476333866,86
240336348,86
128621184,86
39987155,86
18171406,86
10207746,86
9736638,86
23268,86
2063365588,87
1838190318,87
1090010845,87
1055615738,87
400141456,87
225133670,87
147983220,87
89557497,87
85540340,87
11861569,87
4280541,87
1639833,87
1521415,87
692900,87
219259,87
1004638374,88
688275304,88
651335245,88
626369036,88
877530,88
2075179777,89
1699339194,89
666726802,89
602200741,89
431473020,89
402401719,89
49464709,89
17720955,89
5023410,89
2305653,89
1514013,89
680568,89
168210,89
128552,89
2096043427,90
493724848,90
440772821,90
160450916,90
67246581,90
5659864,90
4711217,90
1888960985,91
1673137696,91
1512788587,91
1109759825,91
690545051,91
263031381,91
30625719,91
3326614,91
646279422,92
569849397,92
491979247,92
74617154,92
18982435,92
14350494,92
2141017,92
1363457,92
738406,92
244069,92
1296459456,93
677797838,93
613345189,93
410602048,93
2706257,93
1377545740,94
666726799,94
323905978,94
175017927,94
37294141,94
26280055,94
5106924,94
2244668,94
1390875,94
611813,94
216648,94
163653,94
194484313,95
193558681,95
50003660,95
19366645,95
6514909,95
1878154667,96
1769370346,96
1660392980,96
1458008883,96
225243410,96
49563331,96
10038064,96
8163245,96
5097886,96
1900141897,97
251159663,97
58485079,97
10850238,97
745493,97
659401,97
537098,97
408696,97
1899153123,98
1563595452,98
686241472,98
321650277,98
130097809,98
8156542,98
7410885,98
4098782,98
744713,98
7966,98
690608698,99
628292885,99
602724685,99
402370331,99
18945413,99
1163871,99
1778026586,100
1669777785,100
1217754423,100
24114220,100
19650530,100
3063155,100
760744,100
1752208642,101
1048861669,101
696961866,101
391614061,101
13191400,101
7396511,101
824967,101
1721741513,102
562037265,102
484660274,102
399815233,102
370687588,102
10292573,102
6640131,102
5778298,102
1299484808,103
628292881,103
513273343,103
436571867,103
261700038,103
1864366,103
1520239,103
1795147802,104
1461176910,104
1121411561,104
21693393,104
15641218,104
8381620,104
2093232,104
640283,104
1811071010,105
1643484295,105
16994082,105
12330804,105
5515089,105
2615352,105
2327673,105
919906,105
320937,105
480248442,106
399111081,106
220349021,106
8299419,106
2965629,106
2682013,106
2041997,106
1788435884,107
1004806358,107
628941292,107
67343062,107
922573,107
495876,107
2123631024,108
617459493,108
597998292,108
595407556,108
27322128,108
2046120,108
1757836012,109
1687861308,109
1116286149,109
419429042,109
11644473,109
10030059,109
2933480,109
314993,109
2140412037,110
477317922,110
1672978,110
865868,110
352878,110
2138602891,111
3633644,111
824087,111
505794,111
1820388854,112
697652272,112
545530293,112
517060084,112
34304096,112
45502,112
1976921087,113
701522855,113
479633069,113
414116896,113
315830968,113
11655582,113
7832707,113
6298904,113
3526739,113
3375371,113
179454,113
1282271864,114
286113280,114
47791562,114
35478071,114
1926156228,115
1344926320,115
1292051980,115
478769889,115
333101112,115
18013161,115
8491226,115
1610379,115
1405239035,116
1386545245,116
588569696,116
399491783,116
43596222,116
317000,116
98181,116
1738710719,117
1084357932,117
451066708,117
49653129,117
1816182565,118
1599316734,118
573930836,118
36576761,118
11137181,118
1494451119,119
1137238341,119
359081808,119
6415072,119
5986897,119
5352545,119
4947340,119
1085221011,120
394593891,120
1697694,120
1442771,120
341190,120
610747775,121
120279132,121
34654292,121
14295657,121
13736797,121
4024901,121
3045240,121
2304086,121
826393,121
2094031249,122
1508519945,122
628292890,122
479591145,122
265224956,122
82044006,122
40297130,122
11528489,122
3009298,122
579861015,123
121487111,123
28278764,123
4763529,123
1011797664,124
628292887,124
8105424,124
597701,124
1323227037,125
26344439,125
16677126,125
6853766,125
1894748,125
1761499833,126
503120652,126
488006873,126
17492464,126
885155,126
1070733875,127
1056226751,127
490331391,127
7706705,127
4861197,127
480675481,128
474593909,128
473764233,128
125086778,128
35758309,128
3084780,128
477306079,129
180035670,129
2828592,129
889399,129
292838396,131
3085466,131
2373019,131
1691240717,132
476676325,132
384511937,132
57260085,132
7158877,132
1359949418,133
612524985,133
44903085,133
8041302,133
693803974,134
690608704,134
326968804,134
3209388,134
1489377760,135
586880204,135
393457552,135
222750630,135
38271760,135
1243266187,136
640156170,136
567234492,136
1354255177,137
15998299,137
1361858997,138
488978908,138
414293809,138
51030552,138
14272337,138
664047468,139
630000721,139
300312007,139
54731382,139
4705522,139
700818858,140
117199262,140
96038238,140
22606862,140
5444269,140
623441609,141
846180,141
652096034,142
488976992,142
455899334,142
449174986,142
13437162,142
1750561,142
482911295,143
12622108,143
2878144,143
510047,143
1996735754,144
508963009,144
61639371,144
147529,144
12367735,145
11187227,145
2268234,145
1117407845,146
316575926,146
277290818,146
27231887,146
7326570,146
6716902,146
1421667,147
394936,147
1195405071,148
690804827,148
517746113,148
489146840,148
442426299,148
410636303,148
276610105,148
34423885,148
16510117,148
8171802,148
1265680561,149
386900246,149
62294084,149
3821157,149
491470,149
337827661,150
34815578,150
38549653,151
10077023,151
2109776,151
1401928,151
1855519979,152
690608686,152
222288454,153
28758516,153
1749046,153
540033444,154
35565205,154
10952273,154
474593913,155
39172927,155
4690327,155
249118,155
576858552,156
441666968,156
135980509,156
75937648,156
14387072,156
1526101,156
292035,156
176135235,157
532791,157
1822964640,158
690608706,158
690608693,158
1230039261,159
471723540,159
396316042,160
6747203,160
545511,160
21505,160
1900434152,161
472821519,161
325325965,161
169710597,161
23066617,161
1377212676,162
1524009,162
934940,162
620903,162
587226178,163
8831648,163
400421892,164
26129556,164
5085228,164
3034238,164
1620495323,165
598716541,165
264161,165
385281102,166
281426315,166
493885362,167
489046950,167
412162133,167
370200323,167
13908542,167
91352,167
477342747,168
88687,168
581843164,169
1856528671,170
652203744,170
476542825,170
2007781080,171
1372936974,171
96230607,171
39267739,171
23643455,171
12571355,171
370776,171
305632924,172
3938351,172
873389,172
477332594,173
436693674,174
13294045,174
4170108,174
3035105,174
1861416807,175
1550656130,175
8039356,175
1189811162,176
480179246,176
124025181,176
19462294,176
405018091,177
607286,177
216379,177
1940246442,178
37786223,178
308688486,179
21204997,179
13956131,179
1420223,179
720964,179
529249,180
455916618,181
442902274,181
1447574,181
108398,181
703018634,182
474369808,183
50152652,183
6000336,183
1895156,183
899804,183
109592736,184
1836495,184
1595005,184
1069108539,185
437786939,185
650899373,186
27564630,186
1764912,186
1510901,186
32071935,187
4882872,187
1783955,187
433307,187
668479385,188
29659011,189
3985676,189
423902976,190
8952097,190
7723009,190
25346364,192
1801527765,193
666726801,193
551188239,193
472845978,193
249243,193
521070071,194
22639672,194
214854,194
1217962385,195
697091119,195
494850406,195
8353198,195
16059520,196
15076745,196
558070433,197
320740464,197
97340936,197
3934727,197
1751300,198
585578,198
316381099,199
1828506816,200
1219196749,200
661461705,200
8119834,200
2689967,200
946324,200
67141,200
1089059487,201
452100632,201
477007,201
353361863,202
1958342,202
157330863,203
159577008,205
18400646,205
600985,205
2138676495,206
1133258171,207
5948301,207
666726798,208
666726797,208
609132511,208
103174520,208
101694830,208
24049951,208
719049,208
481694654,210
24271380,210
308751411,211
16683872,211
9882492,211
1958934,212
508191,212
1740548,213
478822,213
677744233,214
17661166,214
16706112,215
2781618,215
358695457,216
7887506,216
2100679,217
484764631,218
458154139,218
225347042,218
174919184,218
54191665,218
1383815813,219
66359608,219
267382755,220
171271582,220
1956770451,221
672342685,221
503801557,222
387108043,222
24957521,222
1220621189,223
7086255,223
1576121,223
518817,223
1042854135,224
13928503,225
8099542,225
147471,225
427623918,226
523922454,227
488970166,227
386764545,227
749499,227
1096223397,229
1433840,229
20381746,230
2601367,230
130209,230
308459,231
631070414,232
3079278,232
567708,232
412180051,234
1802011210,235
454530,235
672353429,236
743603,236
1132553462,237
77050518,237
384064360,238
23155481,238
905891,239
741520,239
503302,239
269415357,240
1041474702,241
436596837,241
4911722,241
630077416,243
180485916,244
1096034982,245
672346917,245
186463,245
14248896,246
12497617,246
2679304,246
410542957,247
1555453291,249
2128310,252
512480,252
650663945,254
488976342,255
161775300,255
10281699,256
13157959,257
472877684,258
1998929,258
698438232,259
671538942,259
237428079,260
44070158,260
1480503142,261
697139341,263
436596840,265
2242273,265
345819190,266
463999,268
672328094,269
403928672,269
19659802,269
11073,270
441382432,272
18149131,272
2341174,272
36397742,273
32410214,274
1869304,275
1875094289,276
23230219,277
580482351,278
278093107,278
293917,278
492862,280
405981431,282
11253297,282
3448258,282
282994,284
571841213,285
23508383,285
698029620,287
36047134,288
401742377,289
688053738,290
434401868,290
5055,290
610390,291
290474,291
595313593,292
401315430,292
233114861,293
14405936,294
1734978373,295
25594007,296
421267475,297
2310068,297
402417817,298
22765153,298
167945180,299
72568546,299
12485637,299
471460273,301
280135728,301
3048899,301
140378,302
5374546,304
5730,304
103701980,305
1697848019,306
264319276,309
3032688,310
692283831,311
3349725,311
499198187,312
43272050,312
7064077,312
1612112,313
742365,313
56748733,314
6055289,315
441952268,316
271815944,317
14198063,317
1027629709,318
287769888,318
401166457,319
387636363,320
490981706,321
413748120,321
194326389,321
3430222,321
8531826,322
113711,323
238537745,325
6483727,326
181559741,327
458154144,331
480745939,334
2482644,334
72960,334
112326892,335
49631892,335
38631,335
403921378,338
296683456,338
8173234,338
477792,338
401480763,339
1501380958,340
372984197,341
47441,344
473244363,346
148736,347
586880205,350
623441612,351
1950658,352
4589556,354
5398196,355
3046429,356
11707013,357
416622817,359
436596839,363
346059,374
441381282,375
23938690,375
410484677,378
8881297,378
690608703,379
484322035,380
8172211,380
666726796,381
894610,383
389088,386
291296062,388
1592759,389
525105971,392
492034022,393
686201061,394
441666939,401
27534330,401
1352646,403
421347849,404
3286364,410
480432362,412
4092,412
482477042,413
434662713,415
434563422,423
691415738,427
327875807,428
739296,429
3221223,435
65764710,436
415481887,437
410741448,439
1427895,442
420249427,444
234782,444
14298907,445
2778044,449
203365648,450
609610777,452
1316965,456
434334701,459
296496909,461
7445513,472
385501313,474
2299184,475
267908,496
871336,497
3151738,502
407106379,503
480680646,504
458154142,506
354520650,517
296909317,521
5563350,527
1976789987,530
109891,533
497430637,535
1723352,538
403930401,539
10196457,539
3149619,542
436596841,547
3295,547
406805563,562
70070,564
13199099,569
441193619,572
84125742,603
487550002,608
39660085,609
40790488,613
10739499,624
12362451,658
364225566,678
279704683,678
477780496,693
434565011,725
2700878,738
436238604,743
298484,755
380829248,769
7767448,779
14397053,782
392505232,809
302926,871
9617619,902
434563934,915
349991143,956
4227517,1025
198297,1030
1780773,1037
334299,1087
15810,1096
550611,1146
899846,1194
1184514787,1216
14380285,1561
746655,1574
419220,1636
1473830,1734
845921,1931
436197297,2091
82389,2421
197,2426
38829,2571
310983058,2813
33060681,3054
48330353,3326
454673997,4311
