,mid,bigfan_num,bigfan_total
0,178464220,20,1106057
1,484322035,20,29461166
2,510100897,20,5016304
3,446536,20,1609297
4,32906095,20,4890315
5,8718389,20,820020
6,17977334,1,9927
7,2592429,13,1260207
8,521070071,20,1868639
9,508191,20,3842066
10,171272634,20,1654453
11,222288454,20,2955705
12,396001169,20,1367523
13,12272233,0,0
14,406987,20,2273135
15,793061,14,464894
16,41806,1,10113
17,434319922,20,1390926
18,687304,16,2690998
19,1480838,20,5204209
20,5023410,20,3836099
21,4365322,9,391993
22,51269394,3,175876
23,508963009,20,28109259
24,3221223,3,31552
25,19872419,4,524732
26,166617,20,1615907
27,1316965,14,359917
28,2115078,20,2749842
29,345819190,20,6645962
30,1442771,20,14489919
31,600985,20,16204186
32,668479385,20,3634230
33,49464709,20,1930626
34,57260085,10,332622
35,423902976,20,5260931
36,238537745,20,8794755
37,692437895,20,1792256
38,427623918,17,686934
39,153373112,4,91854
40,410484677,20,16128712
41,493539,7,362132
42,475348474,1,20933
43,434662713,20,5951286
44,345648420,20,2755025
45,18149131,20,30399345
46,454673997,20,3364176
47,3663671,2,39307
48,562037265,20,1920181
49,300312007,20,2027303
50,15810,20,24236105
51,15811099,20,3820398
52,824087,20,3690464
53,1998929,20,4522850
54,3287291,20,2112096
55,2304086,9,1059300
56,516543529,3,140983
57,47441,20,13827896
58,97340936,20,7156468
59,12065970,2,42538
60,16965625,10,229754
61,130016056,2,24253
62,8084810,1,13420
63,14397053,9,623182
64,181559741,20,2444673
65,1996131,20,3582363
66,7380366,16,1062724
67,3234445,20,1157234
68,174919184,20,647656
69,413748120,20,14827154
70,652203744,20,1667767
71,5696525,7,151383
72,559908566,17,912790
73,512480,20,19865287
74,325325965,20,5926706
75,1753451,20,1132276
76,7498906,10,341012
77,3032688,20,4780966
78,1592759,2,485621
79,2284443,11,514915
80,317000,20,9015678
81,472712134,20,4233011
82,7805371,10,600604
83,12127504,20,597985
84,411861391,20,2363200
85,351007,20,17728922
86,580482351,20,5021406
87,17683304,16,668921
88,1764912,20,2475071
89,10196457,1,51278
90,1869304,20,6855002
91,5398196,20,3598674
92,88687,20,2173419
93,12367735,11,368394
94,386900246,20,18083558
95,2601367,20,9989048
96,1782710,3,111436
97,385501313,20,4664095
98,441666968,20,12347432
99,410741448,20,2616901
100,441606900,20,2815236
101,10077023,20,1178442
102,452100632,20,5262643
103,12485637,20,5359130
104,1473830,20,29563993
105,477780496,20,13211113
106,278093107,20,7299588
107,20381746,20,2551706
108,550611,20,1379580
109,1576121,20,16635482
110,391614061,20,2790674
111,296909317,20,12846072
112,434563934,20,14258887
113,28821597,3,212747
114,372984197,20,11658408
115,1809637,20,2267817
116,412180051,20,3517063
117,504473,7,525337
118,488978908,20,7542582
119,12752343,20,1455961
120,10255309,14,719090
121,471723540,20,26882659
122,23155481,20,3510750
123,106348951,1,17853
124,517060084,20,3881359
125,402370331,7,153332
126,1548911,6,90232
127,10053157,11,298604
128,434334701,20,30277323
129,4280541,7,265653
130,353361863,20,12811810
131,326968804,20,16311300
132,244069,20,13048127
133,571841213,20,4440531
134,79169021,9,569163
135,11717971,6,244767
136,554576,20,834957
137,6595843,17,1200498
138,12261171,2,214472
139,13408419,0,0
140,197,10,312313
141,1760361,20,2460392
142,1566230,20,1150960
143,14041583,6,586017
144,521885,20,1461332
145,3821157,20,18273697
146,11779171,15,1060912
147,27564630,20,23394797
148,434401868,20,10586272
149,222750630,20,6207290
150,1421667,20,1557810
151,257492,20,2079950
152,15597980,10,766374
153,610390,20,9578745
154,124177,8,547264
155,406805563,20,16160661
156,2474047,1,11974
157,225347042,20,7401707
158,359082596,13,478001
159,32724937,1,13436
160,441952268,20,3624469
161,529865,14,706276
162,601481495,20,2204486
163,666953,20,1334955
164,29002992,10,355638
165,12450452,20,5554738
166,510047,20,32305409
167,1758397,7,176229
168,384941915,6,373204
169,32071935,8,294983
170,10030059,20,1330024
171,275529510,14,300378
172,11137181,20,1921120
173,666726803,20,5384623
174,414116896,20,1222424
175,7375144,3,44905
176,401166457,20,3279816
177,2899681,20,1099693
178,476903292,20,1856787
179,72960,20,8953455
180,523922454,20,4858843
181,4527585,0,0
182,491979247,20,7743290
183,1742630,20,3054623
184,738406,20,1230519
185,1298993,20,3222757
186,386764545,20,5126466
187,666726798,20,15308764
188,429075,9,2364194
189,173435110,8,436367
190,6708494,2,26042
191,2327673,4,163532
192,216648,11,594115
193,8384331,3,51193
194,480675481,20,6388094
195,47831360,4,149339
196,25397402,20,1779507
197,513913,3,77490
198,320740464,20,12018264
199,13956131,0,0
200,1947434,20,2679415
201,52859361,0,0
202,505794,20,1475468
203,10281699,2,31952
204,37170037,20,2666952
205,128912828,20,4526769
206,513183186,6,416762
207,20649174,5,111153
208,2650919,20,12298821
209,82803440,20,2776880
210,475570,20,510133
211,623441609,20,12869153
212,572274,2,199431
213,632960,20,9683910
214,130097809,9,403197
215,431473020,20,2008329
216,743603,20,927639
217,485231759,20,3912642
218,595407556,20,9329654
219,327875807,20,6108638
220,1506609,20,12486689
221,481271274,2,119504
222,666726801,20,15251641
223,480248442,20,3628269
224,2192963,12,564543
225,6074208,6,301181
226,3179089,2,34190
227,558070433,20,9164551
228,424729808,20,1518423
229,145998448,8,332401
230,8119834,20,9089154
231,16178461,4,154791
232,1484324,20,7867393
233,672455305,19,1537401
234,609570409,6,136398
235,719049,20,10043033
236,470992099,2,230907
237,488744718,20,1328180
238,4932862,14,327930
239,628292881,20,5851441
240,688053738,20,5367105
241,8363141,20,2750720
242,62359,20,2314108
243,2299184,20,11805447
244,498231490,14,1220754
245,487902,20,4551016
246,14248896,20,3881821
247,164867520,20,2158710
248,32926827,1,60279
249,734133,1,26348
250,478769889,4,111669
251,107600,20,6542058
252,617459493,20,13684393
253,481447539,0,0
254,257319,20,3299376
255,488085,11,478750
256,19486158,20,1313561
257,745493,20,18130394
258,573930836,20,4980491
259,11707013,20,2164980
260,3946421,2,34586
261,18171406,1,15951
262,1836495,20,2667048
263,472821519,20,5648343
264,846180,20,7944381
265,4734101,0,0
266,1598199,20,2417219
267,19218934,3,878734
268,14675261,20,2228499
269,20675652,2,67123
270,9066351,20,14935244
271,22296560,18,616114
272,845921,20,3020570
273,563126727,3,135647
274,3333821,20,1681607
275,21911535,1,105333
276,895536,10,309196
277,503120652,20,1421211
278,1612112,20,8830864
279,2128310,20,2996669
280,11253297,20,66799974
281,5453827,20,3071538
282,23120066,20,604650
283,628292890,20,10772429
284,159577008,3,168953
285,488976342,20,4658263
286,490981706,20,6860533
287,37896248,3,554211
288,863287,20,5884842
289,9411611,16,934889
290,35028769,3,42498
291,238742575,9,549958
292,18796087,18,1027912
293,13226045,20,1144570
294,1033698887,14,801485
295,489146840,20,10244342
296,3035105,20,13296460
297,926620,20,415836
298,374017536,20,2963975
299,130209,20,7243242
300,839059,20,1086749
301,493724848,20,5405415
302,597998292,19,1053816
303,612120404,6,187591
304,2866258,6,187961
305,77575804,2,23730
306,2229195,8,323677
307,411812743,20,1434914
308,764750,16,777205
309,24295259,5,1976630
310,32410214,20,759953
311,147529,15,793102
312,35749736,20,2368127
313,19950322,10,182552
314,75937648,20,11913029
315,359081808,20,9228871
316,30340,1,29525
317,313248263,20,4883981
318,392505232,20,10452713
319,12918458,20,1089910
320,37786223,20,3658770
321,297361951,1,25404
322,44903085,20,7229582
323,32518773,8,1520043
324,525850968,9,1142521
325,3951862,8,350176
326,1319467,15,767036
327,436596837,20,8668074
328,301026,6,91157
329,1740548,20,12231570
330,436197297,20,2833505
331,488006873,20,3686592
332,393004195,20,5801497
333,356395260,11,253200
334,741520,20,11723574
335,441382432,20,5533967
336,433189681,20,664442
337,298484,20,20308790
338,125964693,20,881901
339,2315247,13,323261
340,482480476,20,5523525
341,264161,20,15327647
342,358695457,20,12726438
343,475052410,9,438296
344,565227904,8,176778
345,650573749,20,2749019
346,504062903,20,2000903
347,525105971,20,7109110
348,2427071,6,294121
349,12120515,20,3142982
350,589351234,20,2799131
351,3934727,20,2194720
352,550655637,6,507251
353,5887731,1,27182
354,214854,20,1771120
355,11567043,0,0
356,4013175,9,461127
357,1969028,2,48913
358,1817276,20,1265636
359,1926156228,20,11499156
360,525299904,2,375057
361,491845087,16,477619
362,8230334,13,521536
363,430219038,20,3640370
364,175017927,1,40314
365,4568261,8,275077
366,701522855,20,3593080
367,89557497,20,1797215
368,2965629,20,2834654
369,18400646,2,48244
370,400141456,20,2386349
371,34528147,11,376016
372,4763529,20,11323671
373,216379,20,677755
374,474369808,20,7818057
375,395426377,0,0
376,352332,20,4383835
377,520424576,5,108653
378,477317922,20,9038709
379,7064077,17,1002415
380,225133670,7,181348
381,21374533,20,7595258
382,176836079,20,5470378
383,517746113,20,3702277
384,42770455,5,102541
385,6514909,20,4972505
386,17492464,20,9133367
387,662777221,8,315099
388,6483727,20,7995838
389,537098,16,574163
390,666726799,20,6622820
391,2128800,11,324824
392,472877684,20,6801493
393,419429042,20,5330529
394,13201098,9,533110
395,1800010,20,1701393
396,474593911,20,6134394
397,268116282,18,664891
398,47868246,20,5216676
399,458154142,20,10595104
400,14123818,4,193659
401,364225566,20,21927259
402,27217748,14,267012
403,3985676,20,21699711
404,394877484,7,283925
405,198507,4,79815
406,2061306,9,233013
407,30625719,20,2232456
408,3326614,20,2753339
409,19612544,20,1933494
410,3295,20,29608925
411,451066708,20,20390756
412,249684302,20,969868
413,455916618,20,7397554
414,327334535,20,2308865
415,12706482,4,144564
416,436693674,20,4436648
417,1950658,20,33592305
418,697652272,20,3409764
419,479591145,15,1537314
420,565286306,5,679366
421,32242019,20,3386977
422,109381959,15,1196105
423,860774,5,122059
424,5730,20,5223007
425,410520501,20,2592319
426,854442,12,523070
427,623039484,7,445356
428,3209150,20,2344645
429,402417817,20,8910742
430,410542957,20,5915925
431,666726796,20,11099780
432,3511516,20,871536
433,503622929,20,3299011
434,402401719,15,844933
435,477342747,20,14264457
436,213647,9,241132
437,7495405,11,374421
438,51030552,20,10149338
439,2781618,20,2910452
440,681892,4,233777
441,101694830,11,875695
442,428523,2,47687
443,212553,3,41146
444,23268,13,1012529
445,14407544,7,421750
446,9736638,20,3021258
447,2930964,11,282673
448,1700332,12,257016
449,82389,20,13151639
450,509372,19,1229347
451,488976992,20,4032717
452,10053777,2,33311
453,390043592,0,0
454,229697,20,2411243
455,109891,20,9290148
456,4254032,0,0
457,431311100,20,3226365
458,19189768,5,95699
459,3045240,20,2598771
460,491470,16,3172337
461,49631892,20,22060713
462,472845978,20,7171256
463,3149619,20,13133694
464,516468065,2,28637
465,54191665,20,15938731
466,30791929,3,90691
467,2241833,5,125727
468,431272599,8,384322
469,3006717,8,402533
470,38829,20,14309964
471,403928672,20,16699050
472,3303103,20,1867973
473,2424614,0,0
474,41160587,20,1713070
475,51760697,1,17862
476,205059,20,818280
477,233114861,20,6372573
478,320937,20,1446190
479,471460273,20,15967647
480,474200495,18,621637
481,308751411,20,3347119
482,37294141,5,123234
483,13670449,20,2319845
484,46358031,20,1125310
485,7618327,1,16778
486,474593909,20,9080832
487,2387669,20,631042
488,639235,6,267994
489,229141273,2,43104
490,13908542,20,6140843
491,90820845,20,1425745
492,17806540,3,36960
493,38306163,1,101110
494,19462294,20,2273247
495,3393365,14,552622
496,33775994,10,294246
497,25933381,20,2023227
498,3072262,17,1449749
499,49474,20,1468967
500,727109,15,1762538
501,3189048,20,1852326
502,2386343,12,254651
503,906279,14,1393932
504,386908,18,1117826
505,161287332,4,124216
506,5106924,4,668459
507,523968439,3,59907
508,9347814,12,451314
509,14150553,16,789348
510,32199222,15,1074387
511,7410885,20,5382837
512,614258400,20,2038755
513,2002793,20,2160684
514,8163245,20,10033976
515,519186734,20,1515250
516,9847819,7,678725
517,4290020,1,25046
518,2778044,20,6085896
519,1510901,10,266583
520,2046120,20,9344362
521,515053790,20,5817209
522,3102590,10,363664
523,623441612,20,8366274
524,6409644,5,110376
525,283260822,5,61209
526,221039280,7,418383
527,667097486,20,1007498
528,314993,20,3178829
529,3232485,0,0
530,86722859,9,588915
531,9825449,1,23994
532,2706257,20,2781826
533,5868110,12,705241
534,899846,9,201107
535,642391225,20,4480298
536,416622817,20,16007132
537,50152652,9,320132
538,576858552,20,8205099
539,5971153,11,381492
540,801836,13,565389
541,3633644,20,701282
542,8750978,0,0
543,124025181,20,7335088
544,135980509,20,7877611
545,6930077,2,35581
546,535828322,3,227967
547,11659353,2,163395
548,27322128,20,1259973
549,40790488,11,960674
550,490331391,20,7614953
551,2809226,20,885927
552,49584022,5,248104
553,282994,20,57219657
554,13043029,9,411970
555,620903,20,12653308
556,547498202,18,934249
557,433307,20,1245208
558,33176403,14,409225
559,373263,20,3139185
560,8217442,14,501567
561,412162133,8,384917
562,478822,7,620357
563,390647282,20,1700084
564,408696,20,2800086
565,668648017,11,577446
566,5970661,13,1820513
567,85816940,20,9489597
568,558070436,20,6555612
569,8078438,19,1215671
570,430328256,14,1104024
571,290708108,0,0
572,515744269,9,289847
573,499198187,20,1059785
574,8299419,20,1021701
575,258875006,20,4757463
576,2972199,20,1212605
577,147983220,20,3185809
578,1825301994,20,5104657
579,40796901,4,83639
580,34785075,20,1997737
581,3358737,7,170343
582,34654292,7,160797
583,51234175,5,76280
584,204965,1,10211
585,28343084,10,1181577
586,592507317,20,5445280
587,3448258,8,232870
588,8435856,19,567298
589,425623653,3,47502
590,7326570,8,244958
591,4406831,13,934648
592,739296,1,79811
593,3009298,20,3751222
594,434565011,20,14758286
595,203365648,20,7691111
596,651649,20,1105680
597,43679276,2,70513
598,12362451,20,10931156
599,214029,7,119193
600,6734445,13,1020842
601,10205731,0,0
602,474593913,20,1969536
603,500451641,6,199276
604,120279132,20,2710023
605,8831648,19,1065071
606,503801557,20,2695241
607,291296062,20,13960410
608,524279657,20,12995865
609,4613840,8,260659
610,497430637,20,3346767
611,32096754,0,0
612,4652433,6,594792
613,487550002,20,3906202
614,70070,20,11640231
615,697091119,20,12084625
616,8221825,9,238683
617,43651295,4,421969
618,12431536,6,110669
619,567234492,20,3181788
620,595313593,20,7540305
621,296496909,20,3829830
622,3204673,17,626669
623,94126049,1,11264
624,583235899,5,450071
625,489046950,20,6223739
626,11203281,20,1304365
627,420249427,20,14906534
628,11693346,5,137593
629,442426299,20,10883313
630,12960120,0,0
631,666726802,20,5625728
632,667042223,20,11445175
633,373854628,20,2335440
634,414293809,12,1253902
635,331249454,20,1703943
636,602200741,20,7475491
637,473764233,20,17757974
638,2138676495,20,22479879
639,25346364,11,338734
640,690030493,13,363856
641,8571340,5,153138
642,13496620,8,202425
643,12571355,20,1279225
644,3816747,7,1354614
645,1516482,20,4793228
646,482303454,1,12267
647,66669754,3,345126
648,13178002,16,772186
649,421347849,20,2634924
650,477332594,20,18208317
651,549256707,19,1073574
652,12634911,1,22623
653,58226190,20,1780938
654,107151862,9,182475
655,494850406,20,3698510
656,405981431,20,7581283
657,484764631,20,3595686
658,666726797,20,9428474
659,1934292,17,1904156
660,612524985,20,2677757
661,410636303,20,4287471
662,612823436,20,2309625
663,69229475,20,2269729
664,488288502,12,556145
665,429983758,6,476057
666,12164435,0,0
667,18945413,20,1423416
668,3060972,5,125265
669,4482037,20,2642623
670,394936,20,2911008
671,823798,20,1987102
672,401480763,20,14277059
673,477306079,20,4564346
674,315830968,20,1425783
675,2393138,2,33532
676,281426315,20,746370
677,13014543,20,1087720
678,7780379,20,1543835
679,125812535,19,1659030
680,7701793,20,963974
681,3328498,20,5116533
682,3046429,20,61989013
683,438848253,20,4252099
684,157330863,20,1878695
685,9224445,6,622160
686,349991143,20,15480089
687,38631,10,377487
688,487425423,20,1285290
689,1610379,16,1432881
690,479633069,20,7227742
691,455899334,20,4399468
692,3107400,9,430663
693,43272050,20,12880895
694,2202922,15,508909
695,436571867,9,497389
696,523866328,20,12413538
697,370515,20,3626957
698,384064360,20,5569330
699,2702600,2,27831
700,612560157,20,4189174
701,3375371,20,1248899
702,436596839,20,12238679
703,1967619,7,158539
704,4690327,20,10625853
705,6975419,5,211061
706,283509107,6,111491
707,1352646,20,8114907
708,7595,20,1991135
709,4378782,20,1148684
710,297972069,20,1510149
711,11617542,20,1484756
712,476676325,20,4286612
713,1780645,20,2543124
714,442191864,11,1331030
715,17725484,20,1681082
716,899804,20,21710789
717,385281102,20,12012047
718,12411592,9,250295
719,640156170,20,4276139
720,647332642,15,831594
721,1889516,6,184937
722,5570510,20,1818662
723,442902274,20,6714840
724,109592736,4,69603
725,17364887,16,569300
726,186463,20,9613448
727,407106379,20,24243460
728,403930401,20,10805388
729,2682013,20,1577612
730,385167,12,283711
731,558984017,20,4845667
732,480179246,20,1475337
733,1827106,20,1307000
734,247586004,12,306537
735,6747203,20,8735419
736,482911295,20,4941207
737,526071118,20,3805569
738,48044886,7,382353
739,4405549,11,185674
740,277290818,7,110230
741,480745939,20,19133224
742,430774867,20,2179028
743,692283831,20,11314254
744,8039356,15,1168650
745,521137269,3,47409
746,1780773,20,6660773
747,12497617,20,10760321
748,2945435,20,2422558
749,481694509,19,394406
750,6853766,20,9084265
751,8039394,6,111965
752,421267475,20,16046243
753,79415186,4,205865
754,11349313,14,1176389
755,10369514,20,1784771
756,43596222,20,3721841
757,3259819,8,716421
758,427275473,20,2539609
759,441381282,20,10738715
760,380829248,20,14876142
761,476542825,20,2875715
762,1641117,20,2284377
763,640283,20,8598337
764,690804827,20,4551024
765,370687588,20,8288751
766,269415357,20,20097823
767,264319276,20,4706085
768,488970166,20,13231976
769,480918808,7,281055
770,1514013,3,66049
771,263031381,5,87289
772,4968023,19,1523345
773,5963844,4,302920
774,243702102,4,99483
775,521287997,20,2347120
776,648809981,20,3723949
777,1881866,20,1217854
778,834903,8,432851
779,659401,20,5096428
780,934940,20,3330968
781,3286364,18,652396
782,8314767,6,414420
783,387108043,20,7186049
784,436596841,20,12890217
785,661461705,20,4989792
786,4689550,12,324153
787,276610105,1,185494
788,6365248,20,5986768
789,595407557,20,35425473
790,98181,20,12751356
791,915387,7,398532
792,492472287,4,143605
793,12588077,20,4377686
794,174589427,20,661727
795,907303,20,1256687
796,1631724,6,112067
797,439546360,1,16524
798,492449182,2,26321
799,434563422,20,12906713
800,560887630,20,1036867
801,435403748,2,36964
802,171271582,11,483078
803,19721846,20,2401357
804,6415072,20,5252498
805,441666939,20,26529135
806,5563350,20,25121646
807,406135,20,1060583
808,39172927,3,44339
809,623161468,20,1477685
810,292035,7,245831
811,1750561,20,10701475
812,1697694,20,5586758
813,38549653,8,493295
814,1751300,15,398526
815,10759587,10,620357
816,535848,17,658105
817,237428079,20,3096575
818,353016112,20,1432978
819,476725595,20,8229025
820,7965916,1,27151
821,3027110,10,248979
822,36576761,20,7455922
823,529249,20,9953695
824,4711217,20,1370566
825,601557682,16,565555
826,528497581,8,361081
827,323774877,20,3203637
828,480820393,20,2877537
829,693,20,10895182
830,94375859,9,554035
831,6251904,3,233547
832,265224956,20,20126936
833,3523971,12,1023385
834,625978,20,1963455
835,10207746,9,1588481
836,61639371,20,6485084
837,1721774,20,2541748
838,2100679,20,11582882
839,147471,20,5607515
840,198297,20,45141719
841,11187227,20,579005
842,545511,20,4403737
843,504460731,20,2507128
844,16683872,20,1577964
845,261648990,13,416080
846,410602048,20,1843795
847,458154139,20,11758138
848,16706112,20,4468972
849,6640131,20,7283106
850,7591465,20,4879510
851,441403698,20,3869685
852,418158697,0,0
853,29530957,15,743341
854,31342415,2,162413
855,480432362,20,9936438
856,443039029,13,897596
857,1682261,7,639359
858,458154144,20,9928652
859,8881297,20,13497358
860,2996709,3,83484
861,666726794,20,5902342
862,439074441,1,233739
863,586880205,20,11140463
864,416203727,20,2969901
865,39267739,20,6299778
866,679318148,7,252633
867,13151907,20,824277
868,8173234,2,134969
869,64836051,20,776129
870,117906,20,4858097
871,879478,20,2661852
872,7524760,11,712870
873,31093572,5,126198
874,489772340,8,430619
875,3337432,13,1310725
876,7706705,20,37472638
877,865868,12,1183114
878,480680646,20,34212841
879,195742895,5,242130
880,381861978,0,0
881,30527188,20,1872825
882,337827661,20,6105686
883,492862,20,6310879
884,456749835,20,2980048
885,319975083,20,4299306
886,744713,20,2067777
887,1791514,20,1209585
888,2310068,1,40555
889,118754720,20,7789363
890,5352545,20,670175
891,586880204,20,10371846
892,3057684,7,299004
893,23643455,8,204104
894,451793,20,2796424
895,514073,5,456074
896,477792,20,7821787
897,56748733,20,7868863
898,11500298,11,443314
899,387636363,20,21735286
900,351856931,20,2308699
901,290474,20,2320013
902,602724685,20,7616132
903,509050400,20,2080868
904,4211156,20,1042315
905,349594581,3,56752
906,4997542,12,513344
907,484451346,20,3019191
908,500762399,20,2189719
909,52522,20,5295401
910,755641,18,747772
911,558070434,20,5969889
912,98780343,2,39953
913,430828121,11,232692
914,403921378,20,11016814
915,20600085,7,182984
916,23943594,9,1015122
917,14868240,20,5076114
918,12093303,20,809536
919,33060681,11,332961
920,20272422,20,1415635
921,574317507,20,4788645
922,28094172,20,696078
923,1744076,3,148134
924,503302,20,6230998
925,6055289,20,10993761
926,652096034,18,600644
927,27682625,2,34649
928,4092,20,3552738
929,34522499,2,37241
930,491652986,17,978342
931,436596840,20,11966704
932,142527799,20,2340785
933,292838396,20,4742243
934,287139378,2,44526
935,41461068,20,1034668
936,35478071,20,10075759
937,16223898,3,82961
938,16405753,16,1327861
939,558070435,20,4051871
940,2878144,20,8038808
941,33708487,20,830839
942,316381099,20,26483089
943,588034,20,1448781
944,6268594,20,2322477
945,5659864,20,3910856
946,760744,20,3001680
947,490700,10,1133234
948,341190,7,158817
949,4425196,20,2124043
950,21882176,10,896493
951,261325,20,2290601
952,4163644,16,534865
953,922573,20,13872737
954,4592453,11,234622
955,1895156,10,355913
956,5701677,11,921455
957,4911722,20,3611210
958,23385,2,92748
959,820535,20,6545905
960,308688486,20,3210962
961,628292887,20,9757807
962,1420223,20,6631822
963,308459,20,6800652
964,513273343,20,2672842
965,160526160,17,1139193
966,703007996,20,30929318
967,356333940,3,868757
968,1458008883,20,4100575
969,626369036,20,24140597
970,2141017,6,138760
971,672342685,20,28133894
972,662164326,13,455209
973,692611676,20,7186531
974,3079278,3,62636
975,50754735,8,859231
976,667526012,20,8454175
977,1620923329,20,2129667
978,1090010845,20,2696177
979,334537711,20,4043668
980,19351697,4,187141
981,672346917,20,29345745
982,1430541064,12,341875
983,17511965,20,2805972
984,444015421,5,112313
985,568209135,11,301752
986,672328094,20,49443127
987,686241472,20,4676425
988,438756539,12,374942
989,58353598,20,756310
990,3672017,20,1247067
991,424005,20,1893542
992,1483670,15,1859608
993,413107335,10,399869
994,1676372882,9,454722
995,666726800,20,5949433
996,674084328,20,1838176
997,286113280,20,3550226
998,8101450,1,266915
999,611813,17,608130
1000,14983733,1,34440
1001,7033120,17,303366
1002,688335924,16,717404
1003,26945150,1,13420
1004,5331818,11,451880
1005,651335245,4,202223
1006,26087398,20,1895601
1007,379251305,4,148787
1008,17794913,20,5664087
1009,12823143,20,1114411
1010,384742859,11,655470
1011,473708883,20,1386727
1012,441315555,20,2972007
1013,361916885,5,215225
1014,628061724,20,822421
1015,38728593,1,12895
1016,3585860,7,200316
1017,521950190,20,5736648
1018,2373019,20,2778846
1019,18362166,16,1248869
1020,474767851,17,1638292
1021,1485569,20,1021889
1022,703018634,20,5161751
1023,1788955,1,24120
1024,178645,20,1684904
1025,650663945,20,5768732
1026,672353429,20,27973807
1027,12587793,18,1015122
1028,105295579,4,197003
1029,636493549,2,29826
1030,2971374,20,863020
1031,23105244,18,844201
1032,34199397,5,157395
1033,384511937,20,1351826
1034,640418942,5,190856
1035,271887040,20,11258115
1036,671538942,20,6616496
1037,7033997,7,116314
1038,1284680,10,235119
1039,688275304,20,4918300
1040,435201473,2,112023
1041,522045311,16,650357
1042,690608694,20,5946211
1043,690608691,20,5707199
1044,9418083,19,823377
1045,631070414,20,6888234
1046,9111939,8,169956
1047,690608706,20,7053670
1048,11605092,20,1080574
1049,333101112,7,2108102
1050,690608686,20,6338315
1051,628292885,20,6581917
1052,14295657,20,500448
1053,674539396,20,17055609
1054,1996735754,20,971676
1055,148736,20,4426108
1056,542498,18,1269476
1057,569849397,20,875716
1058,3345849,18,1114324
1059,21203842,8,472003
1060,472360498,10,282181
1061,1585307828,14,444323
1062,25050531,14,1024370
1063,493083336,4,134251
1064,679127344,2,321370
1065,13294045,20,2875724
1066,1484549793,3,317645
1067,10292573,17,861311
1068,4727663,20,2314758
1069,14881818,20,1525445
1070,289347107,2,200713
1071,2790405,15,2467954
1072,560668404,6,262237
1073,5948301,3,110077
1074,663577831,20,1534669
1075,6141432,20,1512805
1076,588631324,9,350080
1077,10742948,14,1500081
1078,10351999,20,986513
1079,58485079,20,4643684
1080,5515089,6,187332
1081,2325511,2,66798
1082,570296693,3,64988
1083,24293396,10,550058
1084,612865344,4,56594
1085,477679591,10,179537
1086,35727599,6,525213
1087,3034238,20,1239656
1088,5085228,20,1091667
1089,1480503142,20,1125337
1090,160024260,15,593206
1091,542341668,5,205495
1092,350838179,5,197891
1093,124553204,6,96681
1094,82343185,14,1749755
1095,4322043,20,1669279
1096,492921093,16,638129
1097,609100583,12,1031237
1098,399111081,20,1188095
1099,679945,13,1165268
1100,24339322,4,89674
1101,1666306454,16,537098
1102,6118206,16,1202794
1103,52685828,2,55569
1104,674839637,20,2154583
1105,225243410,7,329719
1106,22470348,20,3640765
1107,381475604,2,50862
1108,505814286,1,23994
1109,4675985,4,92688
1110,474103425,20,945639
1111,454530,20,1934091
1112,63038006,1,20582
1113,21682845,20,2069313
1114,23230219,20,965076
1115,409854651,5,195283
1116,24461773,1,13769
1117,699094856,20,1425257
1118,17661166,20,5058529
1119,403880852,20,1968496
1120,698438232,20,10109108
1121,518817,20,8515075
1122,9882492,5,108559
1123,1644476000,9,1376728
1124,484660274,20,2437221
1125,5144535,20,3403306
1126,613345189,20,7104890
1127,1734978373,20,19749986
1128,1010318732,12,291911
1129,11073,20,52288493
1130,550457147,20,2098048
1131,9969774,20,1191726
1132,1070397650,13,192398
1133,219259,20,1518607
1134,2361123,13,746433
1135,2080453815,4,222315
1136,611116531,1,20818
1137,1599316734,9,830306
1138,698029620,20,16937536
1139,1530836,13,465135
1140,478502198,4,101061
1141,1102958400,5,283900
1142,43403127,19,539056
1143,440772821,20,2899614
1144,94363275,20,1291202
1145,401090202,6,290554
1146,1828506816,20,2729849
1147,13920382,16,927824
1148,1964304376,10,314210
1149,470576672,2,62735
1150,14387072,20,31132101
1151,749499,20,3729904
1152,8760033,20,10980871
1153,4071581,20,5744799
1154,2055691,2,86854
1155,66733002,20,1105660
1156,383388032,9,240464
1157,65717712,18,602784
1158,163653,20,9750558
1159,1296459456,20,3457941
1160,14003142,12,613890
1161,2700878,20,3356398
1162,3933515,8,233804
1163,2108754496,15,954683
1164,12580217,2,92870
1165,501280,19,691945
1166,194326389,20,7682634
1167,18148734,8,222613
1168,3068376,16,1257722
1169,15522877,4,377730
1170,1721741513,20,3165508
1171,629113175,7,969178
1172,1563595452,13,282491
1173,1520905828,20,1186375
1174,5005968,20,12381073
1175,5005356,11,329204
1176,9561918,11,692240
1177,579861015,20,3687316
1178,492724746,12,2013217
1179,318981218,10,423446
1180,195670272,6,278906
1181,2599310,16,486717
1182,4832930,20,1762617
1183,108507415,20,4328897
1184,3265126,4,219334
1185,674228183,20,1610131
1186,21685335,18,710366
1187,4870889,20,1698636
1188,1489920584,7,1067745
1189,72568546,16,903473
1190,45502,20,11370997
1191,50729578,1,14810
1192,1322881625,20,800356
1193,2341174,20,16014230
1194,1059724449,2,16369
1195,702773222,7,234088
1196,7016631,12,452947
1197,599505098,4,84975
1198,1566352490,1,9971
1199,155957707,2,107440
1200,1202562007,5,706266
1201,372720733,6,118981
1202,481966745,2,24599
1203,372936,20,979732
1204,1287031552,20,897308
1205,2036015357,9,365264
1206,477597410,20,3019169
1207,612321074,6,197461
1208,1472906636,20,13727554
1209,399815233,20,6799743
1210,161803,2,40926
1211,2136901507,1,30537
1212,100407541,8,934723
1213,267382755,20,6762626
1214,2094031249,20,2387387
1215,4176573,20,14386753
1216,1513469779,20,2941933
1217,1511924791,5,176275
1218,1826989306,6,256044
1219,1048861669,20,5821500
1220,2110900767,20,1224405
1221,1849519124,20,2561437
1222,4098782,20,3036358
1223,1437582453,20,11961742
1224,692992615,6,217028
1225,589130737,11,656213
1226,1062342323,20,4556304
1227,1682889553,20,718857
1228,1501380958,20,13048684
1229,1840878197,20,4820338
1230,1342629484,18,780725
1231,2100944625,20,2995299
1232,13475,20,795414
1233,664047468,20,2521550
1234,397244810,20,1790769
1235,2123631024,20,5321887
1236,6481343,20,1800198
1237,17479767,20,1708163
1238,2239559,20,915802
1239,6168451,6,239862
1240,1482424,11,310574
1241,304002706,1,60279
1242,10591930,8,182092
1243,368097,20,2376477
1244,6276160,2,257001
1245,1802011210,20,6030946
1246,1639833,11,296844
1247,2493761,17,549311
1248,2138602891,20,4523415
1249,13951530,3,117107
1250,16994082,20,540242
1251,456514587,15,465270
1252,323255389,11,792032
1253,1152597935,19,1003836
1254,821499,20,1385773
1255,13954468,20,507214
1256,65714241,7,133612
1257,13437162,1,10768
1258,629694393,8,639318
1259,1520239,0,0
1260,6102740,14,759773
1261,358569407,7,234128
1262,1479945,14,737043
1263,430091486,3,140912
1264,5603756,5,342139
1265,348803902,7,416388
1266,432765966,8,174529
1267,669275668,9,268383
1268,1563548,8,237818
1269,2052064438,20,5574983
1270,21292023,13,696761
1271,14131991,9,992811
1272,36677,20,1023845
1273,96230607,7,123774
1274,889399,11,1957698
1275,7391608,11,728064
1276,265615931,7,106148
1277,209306657,5,239102
1278,894610,8,627813
1279,650262353,2,49044
1280,18275424,5,232101
1281,2309276,1,11254
1282,8772820,2,101058
1283,606293627,20,3080139
1284,96457812,1,10575
1285,12348934,3,205922
1286,38271760,20,2938657
1287,189654435,7,114882
1288,574322,1,196491
1289,85540340,20,2105275
1290,352878,9,170129
1291,470473531,18,1102850
1292,546968968,3,238186
1293,5628025,2,26542
1294,13101068,7,337433
1295,42407494,5,224775
1296,442769447,8,354571
1297,3324664,7,283518
1298,430589,4,66094
1299,1096223397,20,9726601
1300,7445513,18,997627
1301,2143967328,20,6508172
1302,916984,1,19781
1303,20558903,5,147718
1304,13740989,8,153523
1305,14200670,8,288632
1306,8041302,20,4597881
1307,1976921087,13,477858
1308,1560641990,20,1041459
1309,1360561961,4,133587
1310,1899153123,20,2403431
1311,27176897,12,452860
1312,7340453,14,1936253
1313,7418277,7,118944
1314,1951760606,6,403119
1315,551527845,20,2594774
1316,48732146,4,384955
1317,35231887,20,1595203
1318,690608687,20,11349576
1319,524575529,9,367993
1320,607286,20,12972672
1321,690608702,20,6564456
1322,690608693,20,6949140
1323,885155,12,360811
1324,472848826,20,3096802
1325,7209795,13,487779
1326,1846208014,20,3220667
1327,24990697,1,35628
1328,82717585,8,152618
1329,14350494,20,4312319
1330,145279034,19,2260446
1331,1516083,20,1074227
1332,20646249,3,36865
1333,686665614,18,434721
1334,27554691,20,3749209
1335,1220621189,20,2887398
1336,1296113267,20,3697732
1337,1356474660,12,338869
1338,40741210,3,35320
1339,1648978526,20,1354444
1340,26541399,20,3761631
1341,396463331,20,2616348
1342,581843164,20,1813936
1343,1699152346,20,2755524
1344,5742946,4,372831
1345,1164975438,20,5414460
1346,1705007318,20,1044901
1347,636674318,20,3608997
1348,393885664,20,2227971
1349,1951478555,6,114335
1350,612271,15,761527
1351,18070579,20,1348159
1352,47791562,20,2765685
1353,20873473,20,1564456
1354,2182817,9,328049
1355,1435332583,20,1747246
1356,298523,13,518390
1357,1377219279,20,1393187
1358,22411036,20,1122384
1359,1308393,20,2457124
1360,628941292,20,6480896
1361,12945093,20,1751615
1362,21693393,19,1450133
1363,38808836,6,545532
1364,34423885,20,6880407
1365,1875094289,20,4573302
1366,8979548,9,659962
1367,495707763,9,346524
1368,1477351728,10,391652
1369,13684315,14,528795
1370,905594,8,239929
1371,559863,4,204122
1372,14405936,20,2381740
1373,2032993361,3,258561
1374,4907624,0,0
1375,8964888,14,357122
1376,1715569439,9,345754
1377,630077416,20,18658561
1378,249243,20,3290799
1379,15641218,20,14640374
1380,351782431,8,272153
1381,437786939,20,1989984
1382,303246676,20,1620384
1383,22156788,3,137385
1384,233299554,20,2909119
1385,690608688,20,5642749
1386,27697073,4,69881
1387,3049402,9,982598
1388,6455916,4,69027
1389,690608704,20,10297709
1390,9881774,8,205126
1391,4718716,20,1893312
1392,1355412269,20,2580394
1393,2111566071,20,19755271
1394,34237849,20,1856298
1395,1780983970,20,2379930
1396,49142760,20,1496319
1397,2007781080,20,5951057
1398,35819875,17,589917
1399,176135235,20,4933340
1400,1243266187,20,7436794
1401,1398,16,1737584
1402,451025339,20,1147909
1403,510189715,20,43631805
1404,6223905,20,2399819
1405,1274610906,4,323564
1406,1097496558,5,328511
1407,1964786482,20,2857767
1408,383784478,16,2803578
1409,663030,9,638312
1410,554883,20,7596848
1411,8978401,20,1034545
1412,248109460,6,158926
1413,4882872,20,2456049
1414,1265680561,20,23974594
1415,1369596,9,394332
1416,1658766768,20,2393016
1417,3244791,4,413795
1418,2115139772,20,4132763
1419,1117407845,20,1385133
1420,1147353799,15,528004
1421,327993,10,1382725
1422,14485806,3,205415
1423,54731382,20,3387530
1424,13630808,20,2644634
1425,1900434152,20,18479907
1426,44128967,15,576012
1427,473244363,20,30879596
1428,29032319,14,763625
1429,1761499833,20,1935083
1430,33419912,20,1999264
1431,2522465,20,639747
1432,21204997,6,2475221
1433,33801277,20,1255264
1434,5408879,6,416025
1435,1051422690,10,802326
1436,377711190,9,210410
1437,26398020,11,1101901
1438,1089059487,20,8511510
1439,36648204,9,1517105
1440,1217962385,20,2874728
1441,1172063310,20,1108762
1442,1420419918,20,3664179
1443,82859591,14,1030126
1444,1229661745,19,560898
1445,258592987,7,187124
1446,502843089,20,1203189
1447,1489377760,20,4539040
1448,731556,20,5533516
1449,11794236,4,189879
1450,603372954,0,0
1451,484193653,7,210404
1452,1376650682,20,2594046
1453,10038064,5,93598
1454,24957521,20,3038497
1455,591892279,20,4826444
1456,1230463982,20,1767680
1457,569192826,20,3611848
1458,22420295,4,116753
1459,589185,20,2580383
1460,91352,20,920164
1461,29659011,20,2062361
1462,686979207,11,1233376
1463,597701,20,1224041
1464,2123801125,20,1113971
1465,17576229,20,1495146
1466,230927369,20,1767608
1467,396316042,20,3639441
1468,871336,7,166485
1469,316575926,20,945102
1470,700818858,14,591461
1471,499276043,20,1707808
1472,1401928,20,11805282
1473,17720955,5,375411
1474,609610777,2,62774
1475,140378,20,13402592
1476,18808866,16,460115
1477,65764710,20,30428675
1478,1861416807,20,2066905
1479,7684135,20,972307
1480,77273672,10,377653
1481,90873,20,14403786
1482,686201061,20,10468104
1483,39660085,20,2634053
1484,11362225,20,2424846
1485,1112031857,20,3361384
1486,598578,9,180024
1487,24114220,20,1599736
1488,1621882754,8,346868
1489,113711,20,13034345
1490,5914640,7,244400
1491,259285720,8,199190
1492,472056419,20,551911
1493,1121411561,20,2475258
1494,1643484295,20,8609639
1495,455794,20,2255318
1496,21151384,5,312953
1497,12768031,6,185220
1498,4201037,18,632644
1499,67141,20,41913157
1500,29080,20,4284726
1501,677744233,20,18075534
1502,11431931,20,5229058
1503,1703797642,20,4316109
1504,1422451239,20,2066192
1505,5320543,4,396404
1506,342872383,3,62749
1507,720964,20,8334139
1508,25594007,1,13662
1509,261700038,20,1872825
1510,675652,20,1379451
1511,1145291829,7,229605
1512,1394476714,15,867045
1513,283886865,20,12199800
1514,2037141,10,207669
1515,1224830833,20,1260969
1516,4365283,16,422174
1517,105167515,20,3222076
1518,1404424740,20,1872844
1519,1267463286,20,2189729
1520,1970998002,17,1275489
1521,8105424,20,2881719
1522,1508519945,20,1908100
1523,1340967709,20,2199565
1524,1864366,20,28527094
1525,4971404,2,36614
1526,383994444,9,634322
1527,84125742,7,140177
1528,5788217,17,396313
1529,281680,2,39190
1530,481694654,5,71521
1531,8232502,2,26062
1532,26129556,7,232275
1533,20674351,20,3764893
1534,1070733875,20,8120592
1535,1958934,20,1675846
1536,7912791,4,103791
1537,4210335,15,1085677
1538,848398,13,663241
1539,436809386,8,595757
1540,179454,13,479474
1541,9361427,20,2038346
1542,1242456361,20,1571011
1543,17059522,4,163664
1544,1390875,12,268754
1545,23279074,14,588047
1546,22092066,5,152819
1547,1968783589,20,9888885
1548,1010093017,10,700689
1549,1311405530,20,800076
1550,609132511,20,5492782
1551,1602085,20,1388853
1552,95061837,9,789691
1553,2009235986,20,2981749
1554,1315870194,20,1620471
1555,1263271233,20,1368737
1556,3016287,8,799279
1557,1453221585,20,1072891
1558,1051654586,20,955192
1559,2277475,2,144740
1560,400605,4,126905
1561,25032753,20,6088027
1562,1120544917,14,745892
1563,1687766935,20,3084050
1564,2022864237,13,1208943
1565,1782342595,8,213335
1566,34099792,20,3468301
1567,286914392,20,1756841
1568,8099542,20,836431
1569,12862137,20,3111557
1570,471934420,6,315642
1571,6915333,20,1467172
1572,2240157,20,3400559
1573,1156637837,20,1898720
1574,3415362,12,364354
1575,2565338,20,2490591
1576,835644,20,6100044
1577,320225995,7,724790
1578,1865376713,20,2260254
1579,1785908279,20,3783865
1580,2112973233,7,427952
1581,1441210790,2,129763
1582,279704683,20,4324629
1583,1405239035,18,1340319
1584,1936358544,4,65302
1585,1323227037,20,8140345
1586,585578,20,819913
1587,3085466,20,4046951
1588,1536735500,7,201868
1589,2294686,20,5739125
1590,249118,20,46747601
1591,188888131,18,1643697
1592,2284456,15,854133
1593,1030723991,20,1078811
1594,1353152128,20,4739102
1595,34063004,20,2817608
1596,1077738277,10,354182
1597,7564991,10,169909
1598,12330804,20,11833150
1599,1284818028,18,3025861
1600,2049968320,20,3615212
1601,401315430,20,21751539
1602,6189012,4,195773
1603,3592916,11,409854
1604,2063365588,20,1139983
1605,1252264991,20,788555
1606,690608698,20,6936718
1607,1677271465,15,514274
1608,744031,20,2141259
1609,1209958561,20,870603
1610,180485916,20,10400490
1611,181998984,20,3444261
1612,470085432,20,1355027
1613,11771366,20,3029174
1614,556027338,20,734661
1615,690608695,20,7540679
1616,690608690,20,6976884
1617,117199262,13,490461
1618,8198901,20,5232413
1619,8952097,20,1162595
1620,2048677,20,2682545
1621,1856528671,20,22375257
1622,690608689,20,5362993
1623,690608692,20,6522250
1624,604738184,20,2278349
1625,698168210,20,3389062
1626,4861197,20,724522
1627,477007,20,12439634
1628,1752208642,20,1110416
1629,74617154,20,2710236
1630,2110481733,10,468668
1631,1521415,20,8594034
1632,22792002,14,755912
1633,1055615738,16,448068
1634,6188267,18,928738
1635,2960092,20,1903800
1636,435539662,19,652159
1637,34815578,20,2657923
1638,251159663,20,1840843
1639,1940246442,20,1066997
1640,826393,20,11749534
1641,6716902,20,1688003
1642,1252992677,9,320651
1643,4053453,20,808351
1644,4718291,20,1565191
1645,415481887,20,1728879
1646,686340,12,1017054
1647,1771138364,16,651400
1648,1177051282,12,643365
1649,67246581,20,2823508
1650,1803585918,20,1221920
1651,690608712,20,6271151
1652,1383815813,20,6562439
1653,3070918,7,199134
1654,1359949418,20,9917964
1655,76080175,20,2658005
1656,690608709,20,7425508
1657,400421892,20,3199712
1658,24569235,2,45100
1659,19488841,20,643303
1660,690608710,20,5317400
1661,1636421096,20,2179235
1662,7309773,7,105481
1663,4947340,20,1853378
1664,1041474702,20,2928587
1665,1556629067,20,1394729
1666,19076344,11,346156
1667,926723,20,1511191
1668,503820721,6,286734
1669,532791,20,2084728
1670,1512788587,20,1144501
1671,1324211803,20,1807431
1672,1296133469,20,2659451
1673,495899901,9,545113
1674,690608711,20,4664086
1675,689274741,20,1375878
1676,7086255,20,20707810
1677,12939237,20,3006218
1678,11416708,20,1648710
1679,1094889067,14,552132
1680,398655122,20,1558433
1681,1824597784,12,825923
1682,1880355910,20,1726219
1683,9556654,15,707236
1684,1555453291,20,1984960
1685,2067739276,20,895047
1686,1518296186,20,2607891
1687,8156542,19,860195
1688,3063155,17,1980876
1689,1573437898,20,660051
1690,401742377,20,65461811
1691,1462391335,19,1088209
1692,15225468,20,4457348
1693,1788955114,20,934891
1694,147688,20,1607196
1695,8628040,20,2348022
1696,334299,20,1185307
1697,284453783,3,43095
1698,125694602,20,741499
1699,1069108539,20,2391369
1700,780791,20,8185521
1701,1988157612,14,609912
1702,375808112,0,0
1703,484055,20,1017177
1704,13838369,15,878323
1705,598716541,20,2454595
1706,1531735495,13,598281
1707,369349661,14,375905
1708,4249389,12,503624
1709,3409997,20,568887
1710,381439252,20,1957336
1711,296880903,20,4697355
1712,2005932785,2,37258
1713,1863644136,20,3653816
1714,147297,20,1227159
1715,394214997,9,267264
1716,173247,0,0
1717,436305812,7,189895
1718,285763930,12,291585
1719,2113007488,12,412173
1720,867152,20,24761813
1721,8531826,20,3476622
1722,12348381,5,93674
1723,410124536,20,1951299
1724,1386545245,20,2977113
1725,4131251,20,693477
1726,3774410,20,2746348
1727,1927037753,20,3244643
1728,1279798292,20,1079543
1729,1632064048,20,3597695
1730,3349725,20,1215197
1731,1270402498,20,6742912
1732,278296,20,1763304
1733,660912261,4,196426
1734,82044006,20,2933877
1735,4622813,1,51904
1736,15076745,20,16391046
1737,1212701254,20,1424426
1738,540033444,6,314296
1739,22943325,6,179536
1740,1816182565,20,9704718
1741,3526739,20,9304479
1742,1631958191,1,12288
1743,1348728457,20,776157
1744,272983835,10,404104
1745,161775300,20,48293724
1746,27534330,20,46558020
1747,503441693,16,418794
1748,1369335586,20,8179671
1749,156986660,7,239911
1750,31909735,20,2100184
1751,1354255177,20,1676030
1752,399491783,20,1739608
1753,698524795,20,1823305
1754,30688252,20,2507924
1755,2028757342,13,910740
1756,1844336971,16,480890
1757,694914748,16,621348
1758,20966016,16,1253144
1759,589799673,20,2011021
1760,2268234,20,890717
1761,1359460505,16,495572
1762,1357409459,20,1686784
1763,582225536,19,1570693
1764,1795366254,20,5977576
1765,24892260,20,2686733
1766,1219196749,20,6857609
1767,346381116,20,1402033
1768,1468306600,20,1368909
1769,1111372327,19,972228
1770,16217876,11,636442
1771,688492564,7,286626
1772,3570093,20,6146756
1773,23938690,20,10972696
1774,4242014,20,1893562
1775,702411002,20,1202899
1776,1605972301,8,270546
1777,1041786022,20,1932484
1778,28677456,20,4078512
1779,504674421,20,4536451
1780,1472362579,20,1080825
1781,1011812576,20,2621644
1782,21025175,11,467979
1783,1699339194,17,805100
1784,3614240,20,987190
1785,271815944,20,8368800
1786,1394160176,20,3621457
1787,1091531216,14,577402
1788,495876,10,456158
1789,126676,4,148750
1790,500289236,20,2931646
1791,1239402550,1,20851
1792,341122517,15,1813304
1793,10293305,8,189037
1794,2201615,7,715054
1795,14829832,20,26772898
1796,17907167,20,800452
1797,2119815078,20,1986305
1798,16485175,13,483086
1799,475656353,20,4055930
1800,238242280,12,519507
1801,1958703906,20,5872712
1802,5467364,20,2165829
1803,1657906522,20,5120136
1804,5482095,20,6258084
1805,342214,12,630416
1806,1958342,20,79289167
1807,48217254,20,1924959
1808,1688076885,20,1785333
1809,8702159,20,1624593
1810,1084472933,10,534355
1811,2750975,20,550216
1812,1095803401,20,1115293
1813,1743015,20,5544046
1814,1493178194,14,536838
1815,14272337,20,15862047
1816,39952788,20,1435729
1817,877530,17,565043
1818,1553780731,20,2525954
1819,1333101968,14,764997
1820,1535525542,20,7183665
1821,1461176910,20,6274642
1822,1757836012,20,5845748
1823,1230039261,20,10640343
1824,5816642,20,1308179
1825,378606811,20,3218688
1826,545530293,20,1821670
1827,1238492302,9,406183
1828,194484313,20,46341448
1829,298217,19,490707
1830,1377212676,20,7466438
1831,110725714,11,178884
1832,2933480,14,901844
1833,702843929,19,865374
1834,27231887,20,4824797
1835,1880226316,16,560329
1836,1330354774,13,948852
1837,12349444,4,129446
1838,1042854135,20,11013088
1839,691415738,20,37478271
1840,146977967,20,2827859
1841,1085221011,20,2207684
1842,89253253,15,1433989
1843,7723009,20,6356083
1844,1114539017,20,852510
1845,34135251,6,542821
1846,96264399,20,4574621
1847,1723206278,20,1566845
1848,2005546384,14,1046520
1849,1533569609,6,215389
1850,1224950348,14,386930
1851,1484169431,20,8053311
1852,1155425566,20,6473101
1853,690608714,20,5273957
1854,1195405071,20,2367004
1855,1855519979,20,9786318
1856,17992194,14,1019692
1857,234782,20,31107063
1858,1217754423,20,4952649
1859,1660392980,20,5532933
1860,1878154667,20,5268932
1861,1900141897,20,5031869
1862,28278764,20,4045969
1863,702355574,9,289394
1864,1436878388,20,757297
1865,1405589619,20,4967570
1866,14298907,19,608526
1867,1027973491,5,300581
1868,1129115529,20,5386263
1869,524816,7,168814
1870,2126507529,20,5571976
1871,7966,20,45424588
1872,1330766232,20,5899153
1873,1265380228,10,207054
1874,1723100461,20,1485442
1875,2615352,13,651417
1876,1433840,20,5115546
1877,25644004,20,956295
1878,27735697,20,6583859
1879,427903198,12,399442
1880,4943067,20,1502650
1881,1730842065,5,158792
1882,1483935022,16,2577147
1883,503026492,20,12960732
1884,531329531,6,366462
1885,32839394,6,254188
1886,1257095895,19,889081
1887,434103940,8,306090
1888,690608703,20,7102812
1889,8381620,20,2177938
1890,51457065,9,448764
1891,648053,10,421752
1892,651402196,5,147827
1893,39196585,20,741815
1894,1278545,20,3325510
1895,14897804,20,39533786
1896,10726207,20,757896
1897,2740798,20,1400351
1898,1788435884,10,338283
1899,1993395129,20,4121702
1900,1184514787,20,33114915
1901,905891,20,2325587
1902,4365978,20,9994757
1903,128976078,9,159879
1904,3188835,20,1276877
1905,144984743,14,692509
1906,4024901,12,257643
1907,366525894,12,754030
1908,25193913,1,10891
1909,612658912,6,163486
1910,163745074,5,524939
1911,1087714512,6,195052
1912,1575399192,5,158241
1913,416231451,2,96538
1914,9354907,0,0
1915,1189811162,20,1183237
1916,1522046925,20,1158921
1917,3084780,20,3174099
1918,2109776,20,4269601
1919,1363457,20,4332298
1920,1931763107,9,370948
1921,443287,16,433184
1922,12070947,20,7748529
1923,490794838,2,129524
1924,6483250,1,59840
1925,33031951,5,377710
1926,229874516,4,173133
1927,7158877,20,3280880
1928,612700521,5,108978
1929,65463088,0,0
1930,14977446,20,1513765
1931,1269309692,20,2054748
1932,305632924,20,1577968
1933,1289581866,20,733794
1934,1186762218,20,1479143
1935,16907771,20,4085858
1936,1573017790,20,1939816
1937,1468007004,20,1611847
1938,57871034,20,1854386
1939,2114905950,20,2869738
1940,4697767,20,3848329
1941,1849006220,20,5068327
1942,31346060,8,136458
1943,3430222,20,918444
1944,343490,2,68286
1945,1745191666,20,2331704
1946,108465779,4,69525
1947,98874115,15,811596
1948,10952273,2,48798
1949,505183397,20,3202961
1950,1521875866,6,149541
1951,104345729,4,104071
1952,692900,17,887719
1953,3022597,7,169380
1954,19650530,20,1704406
1955,693803974,20,1055139
1956,1372936974,20,2311362
1957,230487728,20,8166767
1958,1239518334,14,583372
1959,19659802,20,2875996
1960,3151738,13,646877
1961,106415,14,1411669
1962,436749840,20,1367992
1963,56546937,15,469360
1964,1221600493,15,551809
1965,1715364989,4,70942
1966,1357988245,4,59460
1967,321515030,12,384872
1968,8247516,20,1189713
1969,8491226,20,1142868
1970,1820388854,17,1212618
1971,946324,20,11706700
1972,314513297,20,888776
1973,1822964640,20,3705784
1974,5444269,1,17352
1975,96975902,9,733679
1976,1262608078,3,111296
1977,1126480831,8,650526
1978,22547074,9,283359
1979,2005024168,5,506456
1980,67524738,20,1132601
1981,1956770451,20,1214140
1982,8311201,12,178717
1983,36397742,20,3597617
1984,873389,20,2417583
1985,124060945,3,565215
1986,3921433,9,1487912
1987,1258178536,14,601257
1988,1728950,14,250353
1989,8171802,20,2390457
1990,1979535505,4,507965
1991,429866241,6,209941
1992,32155552,20,3074874
1993,357672624,2,28496
1994,482318682,4,62601
1995,341688520,20,936580
1996,358336849,9,224383
1997,1476333866,20,1142556
1998,1609920889,20,1348006
1999,1923344666,20,933946
2000,3268143,20,7411888
2001,14380285,20,4743017
2002,1920016963,9,861297
2003,477904396,1,281724
2004,210628,20,7824811
2005,2093872604,20,1472133
2006,1084324803,15,1139673
2007,1344144,20,8553505
2008,5097886,7,306362
2009,1919353617,1,53402
2010,1138231312,3,250749
2011,1282271864,20,9603869
2012,126401,13,624686
2013,1895255207,20,1645915
2014,134637395,20,2967443
2015,35758309,3,129827
2016,174211723,6,211505
2017,1056226751,15,972781
2018,16510117,20,2493375
2019,411016,13,303091
2020,1970153302,4,161298
2021,1132553462,20,1084248
2022,2369483,13,342390
2023,49653129,11,1787783
2024,1953558829,14,665496
2025,511017,19,1442810
2026,7832707,16,1803747
2027,1724856393,20,1350885
2028,1738710719,20,3869325
2029,697737710,20,1930926
2030,1927633577,3,464467
2031,169409674,20,5925513
2032,1899392933,10,495196
2033,1086330105,20,2973186
2034,16955731,6,384513
2035,324884920,20,2408956
2036,1343252680,20,1909296
2037,75094637,20,2994364
2038,1373752236,18,1673489
2039,797356,14,1275873
2040,2084828421,8,269248
2041,214832,13,397759
2042,2053456684,4,147654
2043,1040604211,4,110535
2044,1300421811,16,772539
2045,1840042245,0,0
2046,1485277312,20,1736232
2047,2051555906,1,113591
2048,1727965578,3,137238
2049,1783955,20,908245
2050,1980588332,5,188576
2051,324607600,11,745227
2052,1569389574,18,558277
2053,6699767,20,8254221
2054,927813,4,107877
2055,199915,20,3357794
2056,4447907,20,1210758
2057,5778298,20,1204702
2058,36265198,20,998171
2059,3432647,4,306602
2060,431493530,7,330859
2061,131347356,0,0
2062,1652576593,18,569878
2063,23100916,20,2108709
2064,67343062,20,1627389
2065,1025491703,20,4928728
2066,1202416628,20,9496065
2067,5986897,20,1765546
2068,11512994,18,1088512
2069,399366198,11,641573
2070,545143565,4,53501
2071,1634413860,20,3684574
2072,237140787,20,8361955
2073,9264492,20,656496
2074,2005402750,20,3056752
2075,2093232,20,9425491
2076,526225523,20,5493050
2077,35565205,20,3591728
2078,2072717192,20,4296557
2079,2679304,20,31511213
2080,1543083238,20,1417406
2081,593793031,20,1601951
2082,10276136,20,4405135
2083,486364707,20,2090912
2084,425286,20,4589308
2085,1004127267,15,626254
2086,1109759825,20,3179672
2087,398402288,5,152272
2088,3301695,20,14226908
2089,516678537,20,4736093
2090,1809810330,20,2942011
2091,1055047413,14,1193938
2092,1697848019,20,2403037
2093,1757495735,8,254698
2094,1865791469,20,1073749
2095,638467578,7,116467
2096,499713932,6,261963
2097,109564538,20,4263820
2098,5341246,20,537375
2099,168210,20,2069839
2100,591843065,16,1285897
2101,1687861308,11,314001
2102,31803247,20,1195134
2103,272705818,14,668611
2104,302199093,12,629295
2105,170484,20,885659
2106,1411553322,6,232902
2107,323905978,20,2710058
2108,1459446062,19,1410763
2109,1827176970,20,2076112
2110,20875904,13,1001146
2111,13158687,20,736876
2112,16059520,18,799025
2113,84066005,7,914566
2114,1034105844,20,960331
2115,20946335,8,228365
2116,1037615578,2,53459
2117,396466366,20,855588
2118,1701192807,18,591307
2119,1999738104,12,266737
2120,1026919409,8,220632
2121,140543,12,1376469
2122,180035670,20,3484851
2123,9667357,20,1434903
2124,435858133,20,778368
2125,22089831,11,999709
2126,150388,13,406658
2127,17832530,20,11568811
2128,43187576,14,500498
2129,620049604,6,1066403
2130,87692438,2,55800
2131,646279422,13,802958
2132,1244296084,20,5596888
2133,39743256,20,902977
2134,5683525,9,306170
2135,527004636,20,1133794
2136,1471298380,20,1153688
2137,398431,20,650433
2138,169710597,20,3086712
2139,2082574877,20,3356828
2140,18982435,5,406831
2141,1302129189,13,419145
2142,1683159082,20,1248534
2143,71657517,1,10388
2144,398302256,20,2408462
2145,4637750,17,642509
2146,176528442,20,1093314
2147,479193165,7,840836
2148,1163871,5,117430
2149,1123156073,20,2011992
2150,9528430,8,365100
2151,1288036991,20,1647618
2152,28205705,0,0
2153,109834414,20,2916922
2154,129946331,3,528121
2155,2242273,20,3813716
2156,1854569186,2,37115
2157,1518831,7,367481
2158,2416879,15,508219
2159,11300631,20,3231899
2160,124703,13,395729
2161,297293105,15,1738414
2162,189745,8,343389
2163,410689349,20,1789095
2164,514600263,12,344133
2165,176234825,7,530979
2166,1273319763,19,2375123
2167,108398,12,269871
2168,1583472,20,2889013
2169,589181,5,93110
2170,1734677911,20,995833
2171,327549355,2,28617
2172,13676468,13,454974
2173,1802508747,1,88761
2174,626934757,20,1320852
2175,1518059,2,33526
2176,412630000,20,1007262
2177,1263525525,20,751228
2178,2846912,17,1020180
2179,37328,19,1920794
2180,1292051980,20,2732212
2181,630559288,8,1110485
2182,1898580542,14,555560
2183,3142221,14,1350927
2184,680568,12,650482
2185,1369729,20,1004810
2186,84520595,13,358764
2187,255168680,20,925363
2188,29919485,20,2366971
2189,2096422,20,3083398
2190,515587396,20,5438347
2191,33780565,6,194391
2192,1428975974,20,728675
2193,1104048496,20,9417987
2194,8212351,4,239029
2195,1731037094,20,1662226
2196,1354106821,20,501584
2197,1731746796,2,33416
2198,4637682,20,9679132
2199,1943729690,11,408736
2200,432253466,2,307655
2201,1048674855,15,1037742
2202,1929287,6,161562
2203,45336140,17,359159
2204,1306091103,15,855813
2205,282875499,20,1015601
2206,1674274422,20,2556779
2207,2078225540,9,213340
2208,242067082,5,401609
2209,310941,20,5722067
2210,1216158888,20,691135
2211,46225073,20,2056034
2212,7714504,20,1039943
2213,70606554,10,1141991
2214,521537808,17,731132
2215,325907302,20,4036496
2216,323065306,14,308826
2217,1620495323,20,4452409
2218,2523666,20,4823000
2219,529341976,20,2443837
2220,11537944,6,133967
2221,1517067289,20,744325
2222,3938351,20,856623
2223,13928503,20,2464813
2224,1710361170,14,1759689
2225,22765153,20,1039632
2226,2115613286,1,100128
2227,1716461200,1,12488
2228,1704351924,15,603831
2229,6000336,20,972886
2230,1612858588,7,197195
2231,703055595,20,1591662
2232,7677170,2,32006
2233,44070158,20,7903864
2234,1389464337,17,494041
2235,24626465,20,1773705
2236,118058,7,567263
2237,2129926005,20,696658
2238,20098960,5,190881
2239,1822027685,7,734267
2240,1494451119,20,1160968
2241,1098488751,19,886513
2242,12548532,18,1470677
2243,17476582,4,157573
2244,1475289063,20,502048
2245,2044905,20,1229672
2246,364728311,20,1601966
2247,1680630163,19,1002141
2248,629814419,20,519846
2249,1153283989,5,133100
2250,1802392,20,6107231
2251,193558681,20,7619412
2252,65568410,20,1257806
2253,1382719257,20,2144617
2254,12622108,20,8378267
2255,29488539,12,501585
2256,24049951,20,5962652
2257,77817759,20,2989377
2258,128552,20,2632062
2259,380132653,16,6716373
2260,2004980155,14,409847
2261,49563331,20,846368
2262,1137238341,20,1765654
2263,1863822023,12,223467
2264,1129165390,14,730053
2265,5374546,20,2558608
2266,394593891,20,3434780
2267,703068520,20,669283
2268,96230774,3,125242
2269,13199099,20,47315518
2270,1595005,20,4907678
2271,2041997,20,1255482
2272,172015294,13,301942
2273,11013822,12,532852
2274,278406849,11,327086
2275,399923919,17,439871
2276,415439089,20,2787641
2277,121487111,20,17322731
2278,1494109995,4,789003
2279,1934440235,2,26749
2280,57119113,20,1831701
2281,2132912895,8,208321
2282,507793429,6,286188
2283,36450968,20,1374482
2284,9312446,15,410620
2285,670473494,5,147954
2286,54393198,12,770824
2287,1786445174,5,139781
2288,752015,20,2244368
2289,393457552,19,2957828
2290,7652319,20,1328044
2291,1222755399,18,1823144
2292,8704649,20,3528579
2293,5860011,3,99178
2294,106153312,1,10042
2295,4339573,4,69857
2296,7664000,18,1175342
2297,4516245,7,202468
2298,93893014,7,210682
2299,296683456,20,1505417
2300,616152518,16,668170
2301,677797838,20,1687327
2302,342260186,2,52616
2303,15384077,3,263246
2304,40513,11,326117
2305,1908808301,1,28749
2306,180177570,8,172908
2307,3785899,5,106781
2308,1117904095,5,100674
2309,652298653,20,656505
2310,1253998528,20,781409
2311,367896833,4,208289
2312,1914655751,12,534141
2313,85445905,2,49429
2314,1672978,10,257116
2315,11909915,20,2470740
2316,567708,20,2876903
2317,1285890335,20,2025289
2318,12602690,7,268884
2319,17967817,20,2653116
2320,1308967115,20,1903161
2321,435243735,20,2434809
2322,2867683,20,1460759
2323,1712293375,11,340920
2324,7922204,20,1229708
2325,1048095329,20,710699
2326,74130542,6,216015
2327,1845878016,12,1144671
2328,100910905,3,55495
2329,2933593,2,71588
2330,30507713,20,659920
2331,9962651,6,94293
2332,1652111117,20,5308748
2333,7887506,13,469159
2334,1619878166,18,598057
2335,1749603010,20,744549
2336,2847434,0,0
2337,1662426,11,259081
2338,34304096,20,1445166
2339,160450916,20,2403671
2340,109798,20,573942
2341,4170108,20,2971904
2342,1152334866,11,287314
2343,92610220,20,1588389
2344,9617619,20,166283242
2345,4705522,20,26314364
2346,893750,20,1541322
2347,1026591550,14,625465
2348,16534961,5,181704
2349,8558528,20,2286043
2350,23066617,16,726098
2351,2111549706,4,73409
2352,1569210258,13,760791
2353,504140200,20,1118128
2354,1651474144,4,71902
2355,562935153,13,838441
2356,542746,13,646402
2357,6783704,20,3471720
2358,167945180,20,3790718
2359,699327470,20,3126113
2360,1442355434,6,337065
2361,483771934,11,640174
2362,772698,0,0
2363,8172211,19,761293
2364,1283985270,2,52210
2365,381257126,4,246845
2366,8429488,7,344026
2367,11528489,20,16722477
2368,19147010,20,5048588
2369,1880188304,20,3936053
2370,178357118,0,0
2371,385331112,20,4257891
2372,1097060010,17,687107
2373,394760624,3,57825
2374,13856460,15,621225
2375,1598050030,8,297297
2376,3215962,20,2661700
2377,1436893874,14,322686
2378,19366645,20,1396629
2379,33887063,20,2654023
2380,102819798,1,50478
2381,77050518,20,2768931
2382,746655,20,7145177
2383,39876273,8,555442
2384,672507,11,267048
2385,2996496,14,559607
2386,1695304985,20,782604
2387,2000676519,10,926692
2388,512505308,20,389160
2389,519445886,10,717471
2390,437959238,20,1332218
2391,493252584,5,228391
2392,3542902,2,118608
2393,1501875279,9,369082
2394,429964467,20,1986503
2395,7482932,20,2819958
2396,26344439,20,15758787
2397,18018364,18,540237
2398,1283658,8,306221
2399,529107543,20,5429828
2400,1281818069,6,157244
2401,13206531,7,132041
2402,1635441928,20,1043481
2403,38286918,9,171250
2404,13157959,14,328209
2405,2828592,20,4986512
2406,17391103,12,376472
2407,402326,4,131014
2408,2244668,18,572519
2409,14045966,14,608139
2410,29371864,19,940007
2411,919906,20,4451542
2412,1854400894,20,2164420
2413,629586440,11,300702
2414,393595532,20,1729653
2415,1661917600,20,1501208
2416,3280205,4,85565
2417,1172602599,20,1471074
2418,11222009,5,65136
2419,407963172,20,1062276
2420,9311399,8,173131
2421,1155161027,4,147711
2422,29866854,16,1061438
2423,2109291877,20,6136880
2424,1575858025,20,1052091
2425,524787140,12,275636
2426,7238137,9,153234
2427,2011200445,7,329842
2428,1464586,5,155920
2429,5749332,2,28821
2430,350286202,9,313059
2431,388092833,6,78641
2432,14352053,20,5565489
2433,1736214473,6,259029
2434,50003660,19,899763
2435,39987155,14,414587
2436,588569696,20,2367037
2437,2099399911,0,0
2438,1308913495,2,24622
2439,180247922,7,118885
2440,795926,20,1888187
2441,1226750038,3,753330
2442,571454,4,262662
2443,148885908,7,646148
2444,427469551,4,79416
2445,2519929,20,682710
2446,1815640545,10,342755
2447,449174986,20,1197530
2448,50731137,8,259599
2449,1710146343,16,509127
2450,405018091,20,6281027
2451,1829633422,1,15057
2452,1838190318,20,6390764
2453,381450932,20,927855
2454,15299208,20,1607459
2455,7396511,2,30686
2456,28872319,20,2252220
2457,1704076207,13,694358
2458,348878854,4,532494
2459,1484320,6,120723
2460,1838048702,9,166444
2461,21505,7,342431
2462,1691240717,6,266354
2463,770719,4,125466
2464,2060740799,6,216095
2465,51299730,15,715078
2466,408734939,20,5763811
2467,10675863,20,1139885
2468,8446999,20,1453763
2469,132834024,4,62858
2470,7360754,18,2483712
2471,457061412,20,809883
2472,1968342232,20,2115732
2473,24967030,20,1669174
2474,1004638374,20,2728404
2475,1979294609,20,1187206
2476,402830371,8,165409
2477,1439135088,6,122624
2478,1986925924,17,511856
2479,15097846,20,2280888
2480,1813355484,20,627990
2481,597823619,20,5392530
2482,1461919177,14,572934
2483,1531227247,18,357191
2484,39964093,13,562183
2485,25487242,20,827755
2486,9700000,15,568125
2487,1999095012,20,856666
2488,2096043427,9,270126
2489,599254182,20,899966
2490,2989080,20,3407974
2491,1609261349,7,177849
2492,389696946,1,597904
2493,350764795,9,491143
2494,2005690250,20,1063763
2495,32589074,20,831489
2496,473967891,20,536501
2497,1381622782,9,337003
2498,33343699,20,6660104
2499,150123190,1,40054
2500,4856757,6,241424
2501,630000721,20,1382667
2502,4589556,20,3472737
2503,622383747,14,555528
2504,1299484808,0,0
2505,40836269,6,284798
2506,377042295,10,306504
2507,441193619,20,6246528
2508,1466592156,10,554796
2509,677977564,6,253798
2510,340345723,0,0
2511,520776389,6,910942
2512,17799504,20,982890
2513,14427356,20,563273
2514,1566652449,7,230135
2515,667290196,0,0
2516,297137461,20,3041004
2517,9232442,20,1875174
2518,1422240684,3,52225
2519,1263118823,19,1870980
2520,1926687,20,1705671
2521,1850809,13,2936795
2522,674955196,5,114935
2523,1536225244,18,488678
2524,2107426014,0,0
2525,649833,20,6186041
2526,346059,20,25561707
2527,11644473,20,3759480
2528,323153,20,2349034
2529,634883736,17,1252828
2530,1630494154,20,1093042
2531,1758083950,20,1821768
2532,7239,18,1185650
2533,696961866,20,858660
2534,1567721686,7,195902
2535,1903502807,20,2698200
2536,395840287,12,1135289
2537,1027871419,20,5719347
2538,259279517,0,0
2539,632368824,13,1321552
2540,1181247064,20,1329295
2541,302926,20,718359
2542,406861467,7,234341
2543,7794347,9,411120
2544,1225040494,11,262478
2545,1526101,20,80050744
2546,74110502,20,2426221
2547,1874711872,20,1107171
2548,1483031639,10,450445
2549,441569,9,421569
2550,1017254472,10,233410
2551,231881947,9,192344
2552,36996701,20,2808289
2553,22837810,20,1395043
2554,5866210,16,390161
2555,11861569,20,13322496
2556,1749672325,13,327367
2557,1829051701,11,327656
2558,395865658,20,1322118
2559,13552255,16,779955
2560,650899373,20,3161793
2561,220349021,20,1885370
2562,1741307981,3,59986
2563,91915017,3,129186
2564,12678325,2,93641
2565,2058194452,19,1196891
2566,17850535,13,438383
2567,24461374,0,0
2568,88163149,2,58714
2569,95334691,7,122302
2570,1931030982,20,742135
2571,103701980,20,16620495
2572,742365,20,41260534
2573,1821760400,9,1099009
2574,321650277,20,2229891
2575,498535110,10,289354
2576,26280055,3,182730
2577,1231188121,10,214653
2578,1100868441,9,253045
2579,11655582,4,97075
2580,1942864208,20,1773235
2581,36322249,20,4805713
2582,1071993421,3,67470
2583,2091254050,3,72211
2584,58789280,12,952115
2585,1382440234,13,491213
2586,1886584783,20,1178717
2587,230437990,20,2283731
2588,168130052,9,279494
2589,1952756215,11,434028
2590,39488452,5,280282
2591,436238604,11,639638
2592,66359608,20,5576371
2593,587226178,15,720174
2594,629350367,0,0
2595,22717000,0,0
2596,28758516,11,713052
2597,2072052979,19,666895
2598,2445421,6,626823
2599,249348093,10,707630
2600,1848290057,20,1206793
2601,354520650,4,420238
2602,1330426,8,808323
2603,2505240,20,2903962
2604,493885362,20,2466167
2605,310983058,17,607433
2606,1180963055,20,1649172
2607,1241843977,18,443993
2608,697139341,20,6695534
2609,351335373,20,1257508
2610,1706304861,16,655839
2611,1550656130,20,2627262
2612,22612759,10,240069
2613,343726658,3,95623
2614,22081435,16,556325
2615,544597576,20,5700349
2616,2080041576,14,559232
2617,1267348553,20,2071832
2618,1361858997,20,1198439
2619,690545051,20,15819762
2620,294025534,20,4702970
2621,2035244864,20,1692942
2622,492034022,20,10014663
2623,9000964,10,362553
2624,3914363,20,721407
2625,383144746,6,144450
2626,1802654492,20,3756562
2627,1547718,2,28292
2628,515455,16,458174
2629,1834090921,20,729145
2630,112326892,20,3226507
2631,261737865,20,687209
2632,40297130,20,1108873
2633,424592055,12,258647
2634,25415856,20,981033
2635,392380092,20,4838389
2636,62294084,7,463428
2637,269063537,20,2369084
2638,1419971617,20,5407539
2639,73857541,20,550153
2640,398046086,0,0
2641,1326080431,8,433049
2642,1801527765,20,1863206
2643,1357287708,20,1241615
2644,2305653,20,1641185
2645,370776,20,649633
2646,16677126,17,1408910
2647,18013161,20,1420676
2648,384085516,20,891878
2649,2133610663,20,1145802
2650,1894748,20,4242253
2651,3242119,15,332460
2652,1611629135,4,67639
2653,454218588,12,3621375
2654,391127091,13,516488
2655,4227517,20,5694432
2656,3802666,20,1443153
2657,519664663,3,431768
2658,596433669,7,1377504
2659,1211921847,20,619582
2660,65566781,10,329858
2661,62879006,7,797114
2662,27193710,1,30772
2663,2041352,1,12722
2664,1381403831,4,462454
2665,1819548520,20,3007626
2666,2066224812,19,829941
2667,1133258171,20,4570149
2668,2231439,4,277880
2669,1292049379,20,1118541
2670,10632947,10,742959
2671,11836162,5,93743
2672,394496793,2,118386
2673,592726738,20,1765229
2674,6298904,17,1360189
2675,32946464,12,325388
2676,1185495353,5,195374
2677,618107325,20,923044
2678,81534454,14,897238
2679,498531795,0,0
2680,2139886807,20,3062548
2681,1692720413,20,1295191
2682,394688237,7,258929
2683,13896589,3,553464
2684,1733970192,3,38027
2685,107433129,4,112031
2686,1524009,20,3883839
2687,557080920,13,410306
2688,628424262,20,4158701
2689,551188239,20,19705588
2690,2006452883,20,8429103
2691,1810786106,20,749996
2692,336442974,20,4664613
2693,1792461375,20,589145
2694,1483693028,20,3901032
2695,1724942440,1,13420
2696,1277309396,20,1054375
2697,1548880519,18,2665547
2698,2103339232,20,3199882
2699,626405217,20,3238006
2700,11012265,20,7634716
2701,3338927,7,226365
2702,350832135,20,942903
2703,1545968622,11,326074
2704,6406913,0,0
2705,1497089648,20,851693
2706,2075179777,12,289371
2707,1888960985,20,1612198
2708,22606862,10,530522
2709,300646326,20,3343675
2710,1789113291,4,68937
2711,1035652768,16,738885
2712,1328664579,10,410892
2713,1535788044,7,116225
2714,1372675026,16,456189
2715,220685927,5,187624
2716,1523315824,16,2693142
2717,36403332,20,1321767
2718,1241565217,5,219431
2719,2042629175,20,2862017
2720,1011797664,20,4281553
2721,27901028,5,199139
2722,1943499143,20,577221
2723,1329085897,20,885410
2724,14980676,1,29163
2725,23508383,15,1343966
2726,574400,13,355533
2727,25395147,19,1070095
2728,84127823,20,12466414
2729,1779286757,16,729674
2730,1662679564,19,532230
2731,1584039005,20,3712534
2732,1039584302,6,87653
2733,662172,6,575225
2734,1674242827,14,680785
2735,8646769,15,763885
2736,1802937912,20,872911
2737,20236220,1,28687
2738,2000244836,18,1299355
2739,1865655717,4,168670
2740,1641265464,9,174206
2741,348677594,12,486939
2742,1307325151,6,110359
2743,2140412037,20,4590769
2744,1006140314,20,7205682
2745,1775966996,20,22753859
2746,1544125954,20,17490027
2747,1921596130,20,16394617
2748,1673137696,20,15245511
2749,1420890712,20,15694287
2750,36047134,20,18129392
2751,1027581210,2,29901
2752,1552488849,20,1453381
2753,220293909,20,1038899
2754,1646746,20,3449417
2755,1709066906,11,461870
2756,677736203,20,1733801
2757,2069799757,20,1983629
2758,8034132,2,47794
2759,11181582,20,2887328
2760,736584,2,22472
2761,669374700,7,361202
2762,2634922,20,1199953
2763,21191392,20,1945718
2764,1063487269,5,120489
2765,1640010859,5,122230
2766,1254658605,13,380856
2767,484947299,18,1489695
2768,11399495,20,22268315
2769,2228208,20,1561724
2770,352043345,11,285407
2771,24106619,10,633667
2772,1648836961,19,802561
2773,103174520,20,6093338
2774,5221160,13,524120
2775,218972880,20,2094030
2776,483430868,5,196102
2777,514665245,19,1865908
2778,1186805690,7,217779
2779,1769370346,20,10462912
2780,6789240,5,570109
2781,7840430,2,22182
2782,1577293636,0,0
2783,22782703,12,280502
2784,516773400,20,810056
2785,197621852,7,304963
2786,437044819,1,13587
2787,364519161,9,882859
2788,1774062024,20,961925
2789,1657741341,9,566364
2790,650592442,3,44857
2791,1402290747,9,478220
2792,259210907,9,457503
2793,87429152,4,395272
2794,74186521,6,201076
2795,1098845992,5,307956
2796,2059243146,20,1309179
2797,486989682,17,581840
2798,54302078,20,1396420
2799,1907738575,0,0
2800,125086778,20,1523946
2801,35506793,4,94874
2802,16929267,15,936411
2803,1674140989,18,510339
2804,1084357932,20,1056879
2805,24271380,8,161522
2806,604197572,9,373094
2807,1265605287,20,3561167
2808,2034172427,16,834569
2809,11919885,20,1589690
2810,48330353,20,18013313
2811,10510808,20,40136790
2812,1927279531,20,1850253
2813,287769888,2,344984
2814,207429670,15,1107733
2815,1344926320,20,2385735
2816,1428441528,20,1854896
2817,2144805585,15,498834
2818,106369383,5,437858
2819,1115540220,11,297084
2820,666946916,9,693829
2821,293917,20,14400149
2822,1636321253,14,806762
2823,1911892723,3,47846
2824,385160231,2,36178
2825,1426714555,20,2324831
2826,441377278,20,576258
2827,864045,4,102582
2828,350754158,7,267522
2829,1219505772,19,843698
2830,7767448,20,1154324
2831,690291069,20,643031
2832,80630492,7,456414
2833,1596550204,20,3079124
2834,1742274827,6,187328
2835,1253510454,8,463005
2836,4709498,20,1716683
2837,1250051924,19,733997
2838,620770508,20,10437907
2839,158146362,4,77061
2840,121107598,4,136677
2841,43854370,0,0
2842,488082206,11,362206
2843,1160825658,11,2063978
2844,2008705943,20,1616060
2845,97007897,20,1640873
2846,482477042,20,15640421
2847,1410055126,9,488562
2848,1652030487,20,1437594
2849,165421379,3,218743
2850,438777818,3,50923
2851,526076641,3,57244
2852,1957582635,18,954964
2853,310728619,1,42558
2854,104138094,20,1281723
2855,14931184,11,552477
2856,1472898403,20,3806438
2857,2689967,20,40476655
2858,1519134,10,220250
2859,824967,20,3673635
2860,99603384,1,12038
2861,44237258,2,276424
2862,12867370,16,355130
2863,44062985,20,1086511
2864,1423811116,20,3058347
2865,15998299,20,25308844
2866,1129417147,8,233827
2867,610747775,20,1990272
2868,2006574783,2,75073
2869,13736797,20,3776590
2870,8292054,20,6654483
2871,1451797925,10,264322
2872,1795716989,11,398120
2873,2141162,2,70431
2874,473513205,20,1118802
2875,667037266,4,102630
2876,1308965231,8,511336
2877,2022031253,1,14892
2878,1710581961,20,1591252
2879,1386205390,8,212993
2880,2064099563,20,6090641
2881,1768094747,20,1236820
2882,2059201075,20,1710042
2883,269918,1,13680
2884,1027629709,10,547848
2885,22639672,20,1243384
2886,1439938649,9,299435
2887,2022787460,1,101110
2888,11515052,19,1025177
2889,10739499,6,141831
2890,14493990,14,439905
2891,23360330,4,338682
2892,1320742569,10,1554430
2893,1678686361,20,2098255
2894,676656809,20,1280357
2895,1004806358,12,524777
2896,1968726571,16,1784876
2897,1071969272,20,1191998
2898,1683039418,11,407260
2899,1707853573,14,1039863
2900,385042281,11,434120
2901,1490293424,19,972027
2902,1072466146,12,248915
2903,4929299,4,144905
2904,16409654,20,1592736
2905,25691069,20,2032648
2906,165643613,12,302443
2907,13191400,10,912877
2908,111277714,0,0
2909,1784943007,6,222746
2910,24003005,20,727691
2911,255593788,7,309867
2912,1463794242,11,1152947
2913,172427807,12,386719
2914,2766325,1,53112
2915,1294678093,20,3123354
2916,10850238,20,2589787
2917,1874964584,4,126309
2918,59403044,8,172015
2919,2126709029,7,124667
2920,27897339,8,417404
2921,364670866,2,29169
2922,1436519963,15,810279
2923,3048899,20,3712870
2924,45519311,3,71446
2925,1144478480,20,824456
2926,1492229330,0,0
2927,498263161,16,463569
2928,429502211,16,3588188
2929,1533049018,5,84085
2930,34275382,2,52382
2931,1557142458,0,0
2932,1005457213,6,214302
2933,342193167,0,0
2934,2482644,20,10956587
2935,2114332408,9,354348
2936,3340395,1,19789
2937,10847989,13,822702
2938,174676055,20,1442911
2939,1305578223,0,0
2940,463999,20,28007856
2941,104602477,11,661551
2942,321059359,3,43264
2943,474001777,1,20421
2944,1040909140,12,331472
2945,1087725318,20,753321
2946,370200323,20,7281826
2947,1227964496,6,120517
2948,1929855385,20,1671315
2949,1021344512,11,362000
2950,1568890789,9,157027
2951,1978455467,11,248290
2952,22253179,11,304531
2953,1502895122,8,824372
2954,401979257,20,1897680
2955,5870649,20,2421564
2956,1061694607,18,1358454
2957,1792034157,18,471109
2958,1723352,11,337575
2959,1575790132,2,118444
2960,81441759,3,80642
2961,3209388,6,333139
2962,546192461,12,314069
2963,2075874,20,1545258
2964,1528953296,20,2484878
2965,19986917,19,504656
2966,136322951,9,146483
2967,37756047,20,2576549
2968,1096034982,20,3777821
2969,1601895109,20,14951861
2970,1950721001,20,3616053
2971,9293142,20,5150398
2972,449104879,10,680433
2973,1116286149,20,2588955
2974,391753,20,3141692
2975,389891666,9,420978
2976,13089665,20,4280859
2977,17981588,8,276609
2978,1713770620,15,690310
2979,1514351646,6,544907
2980,1055945681,7,109748
2981,80656,6,609374
2982,294154743,15,5825190
2983,62312879,20,1808672
2984,378963786,8,367759
2985,5430002,12,909141
2986,96038238,20,13893484
2987,1742355199,5,273027
2988,525978277,15,1629652
2989,1618589648,11,746989
2990,93962177,5,219569
2991,267908,20,4538747
2992,1262316876,0,0
2993,1858271923,20,1462617
2994,1570795034,20,1944208
2995,1132450186,12,997075
2996,1589833236,20,1464572
2997,516481950,18,668522
2998,1939568047,20,1940314
2999,15341371,5,183604
3000,27632493,4,79191
3001,136107,20,12918494
3002,1157885046,7,226892
3003,295047677,2,220059
3004,280135728,20,7313911
3005,14198063,20,31578462
3006,3478945,11,331826
3007,476605952,3,82146
3008,128621184,20,12008014
3009,1588646945,20,6338212
3010,25852539,20,2589468
3011,50635063,7,2082157
3012,488836173,20,58303624
3013,1816653243,17,790303
3014,349835777,8,220077
3015,441519110,10,383304
3016,18932485,20,4597645
3017,698585219,17,738581
3018,511309446,6,198281
3019,1200516867,16,399760
3020,432194062,20,1413535
3021,5430004,16,551203
3022,1099227208,20,511230
3023,1778026586,20,5658832
3024,1795147802,20,6255734
3025,1669777785,20,7017257
3026,2018113152,20,4439560
3027,1875044092,20,5232371
3028,1811071010,20,3850994
3029,2045277190,4,130110
3030,3742241,8,261334
3031,1952914799,14,8572634
3032,1408772106,15,355906
3033,1476883988,13,386176
3034,1736210,10,299570
3035,356651009,1,20421
3036,543748,0,0
3037,1637486568,20,846754
3038,16649310,4,159700
3039,1881110844,12,478190
3040,1231880683,18,751276
3041,498188835,20,3546952
3042,687730248,13,407343
3043,1993694809,16,494850
3044,1868519688,2,60764
3045,1401112858,2,105201
3046,8024660,20,1294777
3047,1842598376,20,970108
3048,1917237530,20,558518
3049,1458295838,11,320504
3050,1199634708,20,6362537
3051,347784817,19,529998
3052,549288373,7,225532
3053,1220317431,20,1299208
3054,1869949659,11,311040
3055,1222026215,3,77136
3056,324897535,20,3296254
3057,6193767,10,420745
3058,1288322599,20,1463933
3059,9923775,20,5824215
3060,1281805827,20,10590090
3061,670129669,3,42147
3062,1251806725,3,31372
3063,1827016353,17,844673
3064,1766160737,12,608318
3065,1408868907,19,1559435
3066,12344466,16,703270
3067,1570624336,20,3311315
3068,2915852,20,6861650
3069,1826309835,14,537964
3070,1954091502,20,4721364
3071,652495460,20,1413165
3072,440738032,20,3986497
3073,85439564,17,2220074
3074,2000609327,20,8802965
3075,2132180406,20,9875562
3076,1762258446,12,225745
3077,444820511,1,19829
3078,1623513461,10,411080
3079,1820024161,3,45070
3080,1749046,20,10633543
3081,2005590425,17,568353
3082,2064389464,16,807834
3083,1313300815,20,1464746
3084,1309996332,20,2576617
3085,632171719,20,1259370
3086,8923428,20,2846678
3087,1329861887,6,248735
3088,1870142497,8,346474
3089,26413405,20,2006448
3090,1602464609,9,398377
3091,1514835,8,377297
3092,489360804,3,72000
3093,1084222017,20,6427060
3094,1217057066,20,6934688
3095,1976789987,20,4780583
3096,23263470,20,1467627
3097,419220,20,46747751
3098,8828904,20,2514152
3099,6759757,3,63471
3100,1604544950,5,220418
3101,389088,20,73189080
3102,1034537291,4,463321
3103,1962374457,17,545950
3104,1908273021,20,2753309
3105,2129498611,10,391967
3106,2073012767,20,6288728
3107,1116072703,20,5695678
3108,1141334416,20,4304082
3109,75767058,20,926166
3110,1269219413,4,103604
3111,4235319,10,982855
3112,1661638690,20,1070281
3113,1845920872,20,2521536
3114,88271743,20,1592598
3115,2079522008,10,791706
3116,187907182,0,0
3117,1210816252,20,2516608
3118,1960682407,20,3594021
3119,41654706,20,1879333
3120,1447574,20,13409642
3121,5055,20,38056472
3122,1294973752,16,349700
3123,1890662098,20,753277
3124,1236638112,20,10614525
3125,1395549000,12,401774
3126,313064642,10,350251
3127,1377545740,20,2131956
3128,1495003,20,1458628
3129,2081318489,11,383977
3130,49922172,20,7072808
3131,1739085910,20,3396981
3132,1160514215,20,3165930
3133,1253390522,5,296580
3134,1369650463,15,1400294
3135,1918837081,8,264576
3136,1085546349,6,352356
3137,27177244,8,231612
3138,669045252,9,234423
3139,240336348,13,1105966
3140,8093066,20,1568017
3141,2997958,4,63343
3142,1491996,20,6234542
3143,9983449,20,2643913
3144,1501145142,8,612428
3145,1337993096,20,694864
3146,1434027068,20,978508
3147,1629232,6,192550
3148,473214533,6,192205
3149,1874807146,11,1246181
3150,8353198,20,11471309
3151,1694610556,20,1099011
3152,1184238527,20,6305665
3153,1292417066,3,67933
3154,2045507518,10,890906
3155,499255060,16,1517527
3156,1427895,20,8985829
3157,43156010,18,623459
3158,501218873,17,578896
3159,267439469,10,2141310
3160,1363865784,20,1107971
3161,443940499,4,68467
3162,1249759353,20,736108
3163,1312934431,15,330084
3164,670725269,20,689240
3165,518490855,11,411728
3166,2115413637,14,637565
3167,1716560,20,928474
3168,24924516,20,718745
3169,1489184103,17,481664
3170,1885522479,10,190889
